#
# There is insufficient memory for the Java Runtime Environment to continue.
# Native memory allocation (malloc) failed to allocate 1159056 bytes. Error detail: Chunk::new
# Possible reasons:
#   The system is out of physical RAM or swap space
#   This process is running with CompressedOops enabled, and the Java Heap may be blocking the growth of the native heap
# Possible solutions:
#   Reduce memory load on the system
#   Increase physical memory or swap space
#   Check if swap backing store is full
#   Decrease Java heap size (-Xmx/-Xms)
#   Decrease number of Java threads
#   Decrease Java thread stack sizes (-Xss)
#   Set larger code cache with -XX:ReservedCodeCacheSize=
#   JVM is running with Zero Based Compressed Oops mode in which the Java heap is
#     placed in the first 32GB address space. The Java Heap base address is the
#     maximum limit for the native heap growth. Please use -XX:HeapBaseMinAddress
#     to set the Java Heap base and to place the Java Heap above 32GB virtual address.
# This output file may be truncated or incomplete.
#
#  Out of Memory Error (arena.cpp:191), pid=26344, tid=21296
#
# JRE version: OpenJDK Runtime Environment Temurin-17.0.15+6 (17.0.15+6) (build 17.0.15+6)
# Java VM: OpenJDK 64-Bit Server VM Temurin-17.0.15+6 (17.0.15+6, mixed mode, sharing, tiered, compressed oops, compressed class ptrs, g1 gc, windows-amd64)
# No core dump will be written. Minidumps are not enabled by default on client versions of Windows
#

---------------  S U M M A R Y ------------

Command Line: --add-opens=java.base/java.lang=ALL-UNNAMED --add-opens=java.base/java.lang.invoke=ALL-UNNAMED --add-opens=java.base/java.util=ALL-UNNAMED --add-opens=java.prefs/java.util.prefs=ALL-UNNAMED --add-exports=jdk.compiler/com.sun.tools.javac.api=ALL-UNNAMED --add-exports=jdk.compiler/com.sun.tools.javac.util=ALL-UNNAMED --add-opens=java.base/java.util=ALL-UNNAMED --add-opens=java.prefs/java.util.prefs=ALL-UNNAMED --add-opens=java.base/java.nio.charset=ALL-UNNAMED --add-opens=java.base/java.net=ALL-UNNAMED --add-opens=java.base/java.util.concurrent.atomic=ALL-UNNAMED --add-opens=java.xml/javax.xml.namespace=ALL-UNNAMED -XX:MaxMetaspaceSize=384m -XX:ReservedCodeCacheSize=96m -XX:+HeapDumpOnOutOfMemoryError -XX:HeapBaseMinAddress=4g -Xms128m -Xmx1024m -Dfile.encoding=UTF-8 -Duser.country=US -Duser.language=en -Duser.variant -javaagent:C:\Users\Acer\.gradle\wrapper\dists\gradle-8.12-all\ejduaidbjup3bmmkhw3rie4zb\gradle-8.12\lib\agents\gradle-instrumentation-agent-8.12.jar org.gradle.launcher.daemon.bootstrap.GradleDaemon 8.12

Host: 12th Gen Intel(R) Core(TM) i5-12500H, 16 cores, 7G,  Windows 11 , 64 bit Build 26100 (10.0.26100.8875)
Time: Mon Jul 27 17:48:05 2026 SE Asia Standard Time elapsed time: 291.731778 seconds (0d 0h 4m 51s)

---------------  T H R E A D  ---------------

Current thread (0x000001b40b5b87e0):  JavaThread "C2 CompilerThread0" daemon [_thread_in_native, id=21296, stack(0x0000009f5d300000,0x0000009f5d400000)]


Current CompileTask:
C2: 291732 32685       4       com.android.tools.r8.graph.Q4::a (111 bytes)

Stack: [0x0000009f5d300000,0x0000009f5d400000]
Native frames: (J=compiled Java code, j=interpreted, Vv=VM code, C=native code)
V  [jvm.dll+0x682fc9]
V  [jvm.dll+0x839878]
V  [jvm.dll+0x83b323]
V  [jvm.dll+0x83b993]
V  [jvm.dll+0x24725f]
V  [jvm.dll+0xacea4]
V  [jvm.dll+0xad53c]
V  [jvm.dll+0x2aca8f]
V  [jvm.dll+0x589079]
V  [jvm.dll+0x2210b2]
V  [jvm.dll+0x219d8b]
V  [jvm.dll+0x21758b]
V  [jvm.dll+0x1a31b0]
V  [jvm.dll+0x227a9c]
V  [jvm.dll+0x225bfb]
V  [jvm.dll+0x7ef018]
V  [jvm.dll+0x7e94dc]
V  [jvm.dll+0x681ea7]
C  [ucrtbase.dll+0x2cd30]
C  [KERNEL32.DLL+0x2e957]
C  [ntdll.dll+0xaad6c]


---------------  P R O C E S S  ---------------

Threads class SMR info:
_java_thread_list=0x000001b43ff77b70, length=79, elements={
0x000001b477d094b0, 0x000001b40b59abf0, 0x000001b40b59c4d0, 0x000001b40b5b2150,
0x000001b40b5b2a20, 0x000001b40b5b32f0, 0x000001b40b5b5bd0, 0x000001b40b5b87e0,
0x000001b40b5bb100, 0x000001b40b5bda20, 0x000001b40b82be30, 0x000001b40b92db40,
0x000001b425b73200, 0x000001b4261e93f0, 0x000001b427342600, 0x000001b42731ff20,
0x000001b427321d80, 0x000001b427320430, 0x000001b427320940, 0x000001b427320e50,
0x000001b42731fa10, 0x000001b42731e5d0, 0x000001b427321360, 0x000001b427321870,
0x000001b42731eae0, 0x000001b42731f500, 0x000001b42722a780, 0x000001b427f43960,
0x000001b427f41b00, 0x000001b427f47620, 0x000001b427f461e0, 0x000001b427f457c0,
0x000001b4321ee8c0, 0x000001b4321ec550, 0x000001b4321efd00, 0x000001b4321ef7f0,
0x000001b4321f0210, 0x000001b42777c020, 0x000001b427779290, 0x000001b427778870,
0x000001b42777b0f0, 0x000001b42777a6d0, 0x000001b42777b600, 0x000001b4277797a0,
0x000001b42777cf50, 0x000001b42777d460, 0x000001b42777d970, 0x000001b42777a1c0,
0x000001b42777de80, 0x000001b42777f2c0, 0x000001b42777edb0, 0x000001b42777f7d0,
0x000001b427744c10, 0x000001b427f406c0, 0x000001b43f1508e0, 0x000001b43f153160,
0x000001b43f154090, 0x000001b43f1545a0, 0x000001b43f150df0, 0x000001b43f151300,
0x000001b43f151d20, 0x000001b43f154fc0, 0x000001b43f151810, 0x000001b43f1554d0,
0x000001b43f1559e0, 0x000001b43f152230, 0x000001b43f156400, 0x000001b43f157840,
0x000001b42722ac90, 0x000001b4321ef2e0, 0x000001b42620b700, 0x000001b42620a2c0,
0x000001b42620b1f0, 0x000001b426209390, 0x000001b4262098a0, 0x000001b42620d560,
0x000001b42620c120, 0x000001b42620df80, 0x000001b42620a7d0
}

Java Threads: ( => current thread )
  0x000001b477d094b0 JavaThread "main" [_thread_blocked, id=25564, stack(0x0000009f5c600000,0x0000009f5c700000)]
  0x000001b40b59abf0 JavaThread "Reference Handler" daemon [_thread_blocked, id=6324, stack(0x0000009f5cd00000,0x0000009f5ce00000)]
  0x000001b40b59c4d0 JavaThread "Finalizer" daemon [_thread_blocked, id=21896, stack(0x0000009f5ce00000,0x0000009f5cf00000)]
  0x000001b40b5b2150 JavaThread "Signal Dispatcher" daemon [_thread_blocked, id=25464, stack(0x0000009f5cf00000,0x0000009f5d000000)]
  0x000001b40b5b2a20 JavaThread "Attach Listener" daemon [_thread_blocked, id=2760, stack(0x0000009f5d000000,0x0000009f5d100000)]
  0x000001b40b5b32f0 JavaThread "Service Thread" daemon [_thread_blocked, id=15448, stack(0x0000009f5d100000,0x0000009f5d200000)]
  0x000001b40b5b5bd0 JavaThread "Monitor Deflation Thread" daemon [_thread_blocked, id=16072, stack(0x0000009f5d200000,0x0000009f5d300000)]
=>0x000001b40b5b87e0 JavaThread "C2 CompilerThread0" daemon [_thread_in_native, id=21296, stack(0x0000009f5d300000,0x0000009f5d400000)]
  0x000001b40b5bb100 JavaThread "C1 CompilerThread0" daemon [_thread_blocked, id=34380, stack(0x0000009f5d400000,0x0000009f5d500000)]
  0x000001b40b5bda20 JavaThread "Sweeper thread" daemon [_thread_blocked, id=31532, stack(0x0000009f5d500000,0x0000009f5d600000)]
  0x000001b40b82be30 JavaThread "Common-Cleaner" daemon [_thread_blocked, id=28780, stack(0x0000009f5d700000,0x0000009f5d800000)]
  0x000001b40b92db40 JavaThread "Notification Thread" daemon [_thread_blocked, id=30228, stack(0x0000009f5db00000,0x0000009f5dc00000)]
  0x000001b425b73200 JavaThread "Daemon health stats" [_thread_blocked, id=21688, stack(0x0000009f5df00000,0x0000009f5e000000)]
  0x000001b4261e93f0 JavaThread "Incoming local TCP Connector on port 62423" [_thread_in_native, id=19104, stack(0x0000009f5e200000,0x0000009f5e300000)]
  0x000001b427342600 JavaThread "Daemon periodic checks" [_thread_blocked, id=20712, stack(0x0000009f5e300000,0x0000009f5e400000)]
  0x000001b42731ff20 JavaThread "Daemon" [_thread_blocked, id=33744, stack(0x0000009f5e400000,0x0000009f5e500000)]
  0x000001b427321d80 JavaThread "Handler for socket connection from /127.0.0.1:62423 to /127.0.0.1:62424" [_thread_in_native, id=4940, stack(0x0000009f5e500000,0x0000009f5e600000)]
  0x000001b427320430 JavaThread "Cancel handler" [_thread_blocked, id=15012, stack(0x0000009f5e600000,0x0000009f5e700000)]
  0x000001b427320940 JavaThread "Daemon worker" [_thread_blocked, id=15944, stack(0x0000009f5e700000,0x0000009f5e800000)]
  0x000001b427320e50 JavaThread "Asynchronous log dispatcher for DefaultDaemonConnection: socket connection from /127.0.0.1:62423 to /127.0.0.1:62424" [_thread_blocked, id=13780, stack(0x0000009f5e800000,0x0000009f5e900000)]
  0x000001b42731fa10 JavaThread "Stdin handler" [_thread_blocked, id=26472, stack(0x0000009f5e900000,0x0000009f5ea00000)]
  0x000001b42731e5d0 JavaThread "Daemon client event forwarder" [_thread_blocked, id=26444, stack(0x0000009f5ea00000,0x0000009f5eb00000)]
  0x000001b427321360 JavaThread "Cache worker for journal cache (C:\Users\Acer\.gradle\caches\journal-1)" [_thread_blocked, id=28200, stack(0x0000009f5da00000,0x0000009f5db00000)]
  0x000001b427321870 JavaThread "File lock request listener" [_thread_in_native, id=2808, stack(0x0000009f5eb00000,0x0000009f5ec00000)]
  0x000001b42731eae0 JavaThread "Cache worker for file hash cache (C:\Users\Acer\.gradle\caches\8.12\fileHashes)" [_thread_blocked, id=25812, stack(0x0000009f5ec00000,0x0000009f5ed00000)]
  0x000001b42731f500 JavaThread "Cache worker for file hash cache (D:\Kuliah\Ta\New folder\Mobile\android\.gradle\8.12\fileHashes)" [_thread_blocked, id=4688, stack(0x0000009f5f600000,0x0000009f5f700000)]
  0x000001b42722a780 JavaThread "Cache worker for Build Output Cleanup Cache (D:\Kuliah\Ta\New folder\Mobile\android\.gradle\buildOutputCleanup)" [_thread_blocked, id=20784, stack(0x0000009f5f700000,0x0000009f5f800000)]
  0x000001b427f43960 JavaThread "Cache worker for checksums cache (D:\Kuliah\Ta\New folder\Mobile\android\.gradle\8.12\checksums)" [_thread_blocked, id=15592, stack(0x0000009f5ed00000,0x0000009f5ee00000)]
  0x000001b427f41b00 JavaThread "Cache worker for file content cache (C:\Users\Acer\.gradle\caches\8.12\fileContent)" [_thread_blocked, id=16672, stack(0x0000009f5fc00000,0x0000009f5fd00000)]
  0x000001b427f47620 JavaThread "Cache worker for cache directory md-rule (C:\Users\Acer\.gradle\caches\8.12\md-rule)" [_thread_blocked, id=30016, stack(0x0000009f5fd00000,0x0000009f5fe00000)]
  0x000001b427f461e0 JavaThread "Cache worker for cache directory md-supplier (C:\Users\Acer\.gradle\caches\8.12\md-supplier)" [_thread_blocked, id=11532, stack(0x0000009f5fe00000,0x0000009f5ff00000)]
  0x000001b427f457c0 JavaThread "Cache worker for Build Output Cleanup Cache (D:\src\flutter\packages\flutter_tools\gradle\.gradle\buildOutputCleanup)" [_thread_blocked, id=7220, stack(0x0000009f60000000,0x0000009f60100000)]
  0x000001b4321ee8c0 JavaThread "Unconstrained build operations" [_thread_blocked, id=10628, stack(0x0000009f60100000,0x0000009f60200000)]
  0x000001b4321ec550 JavaThread "Unconstrained build operations Thread 2" [_thread_blocked, id=9980, stack(0x0000009f60200000,0x0000009f60300000)]
  0x000001b4321efd00 JavaThread "Unconstrained build operations Thread 3" [_thread_blocked, id=30108, stack(0x0000009f5ff00000,0x0000009f60000000)]
  0x000001b4321ef7f0 JavaThread "Memory manager" [_thread_blocked, id=10096, stack(0x0000009f60400000,0x0000009f60500000)]
  0x000001b4321f0210 JavaThread "build event listener" [_thread_blocked, id=1232, stack(0x0000009f60500000,0x0000009f60600000)]
  0x000001b42777c020 JavaThread "included builds" [_thread_in_Java, id=11852, stack(0x0000009f60700000,0x0000009f60800000)]
  0x000001b427779290 JavaThread "Cache worker for execution history cache (D:\src\flutter\packages\flutter_tools\gradle\.gradle\8.12\executionHistory)" [_thread_blocked, id=34744, stack(0x0000009f60800000,0x0000009f60900000)]
  0x000001b427778870 JavaThread "Unconstrained build operations Thread 4" [_thread_blocked, id=11828, stack(0x0000009f60900000,0x0000009f60a00000)]
  0x000001b42777b0f0 JavaThread "Unconstrained build operations Thread 5" [_thread_blocked, id=24436, stack(0x0000009f60a00000,0x0000009f60b00000)]
  0x000001b42777a6d0 JavaThread "Unconstrained build operations Thread 6" [_thread_blocked, id=32692, stack(0x0000009f60b00000,0x0000009f60c00000)]
  0x000001b42777b600 JavaThread "Unconstrained build operations Thread 7" [_thread_blocked, id=17544, stack(0x0000009f60c00000,0x0000009f60d00000)]
  0x000001b4277797a0 JavaThread "WorkerExecutor Queue" [_thread_blocked, id=6236, stack(0x0000009f60600000,0x0000009f60700000)]
  0x000001b42777cf50 JavaThread "RMI Scheduler(0)" daemon [_thread_blocked, id=27984, stack(0x0000009f60300000,0x0000009f60400000)]
  0x000001b42777d460 JavaThread "RMI RenewClean-[127.0.0.1:17366,org.jetbrains.kotlin.daemon.common.LoopbackNetworkInterface$ClientLoopbackSocketFactory@69e48f33]" daemon [_thread_blocked, id=10840, stack(0x0000009f60d00000,0x0000009f60e00000)]
  0x000001b42777d970 JavaThread "RMI GC Daemon" daemon [_thread_blocked, id=9072, stack(0x0000009f60e00000,0x0000009f60f00000)]
  0x000001b42777a1c0 JavaThread "RMI TCP Accept-0" daemon [_thread_in_native, id=34060, stack(0x0000009f60f00000,0x0000009f61000000)]
  0x000001b42777de80 JavaThread "RMI Reaper" [_thread_blocked, id=31308, stack(0x0000009f61000000,0x0000009f61100000)]
  0x000001b42777f2c0 JavaThread "Unconstrained build operations Thread 8" [_thread_blocked, id=30864, stack(0x0000009f5c500000,0x0000009f5c600000)]
  0x000001b42777edb0 JavaThread "Unconstrained build operations Thread 9" [_thread_blocked, id=19064, stack(0x0000009f5d800000,0x0000009f5d900000)]
  0x000001b42777f7d0 JavaThread "Unconstrained build operations Thread 10" [_thread_blocked, id=23680, stack(0x0000009f61300000,0x0000009f61400000)]
  0x000001b427744c10 JavaThread "build event listener" [_thread_blocked, id=34012, stack(0x0000009f5c400000,0x0000009f5c500000)]
  0x000001b427f406c0 JavaThread "Problems report writer" [_thread_blocked, id=17836, stack(0x0000009f61a00000,0x0000009f61b00000)]
  0x000001b43f1508e0 JavaThread "jar transforms" [_thread_blocked, id=6272, stack(0x0000009f61b00000,0x0000009f61c00000)]
  0x000001b43f153160 JavaThread "jar transforms Thread 2" [_thread_blocked, id=4300, stack(0x0000009f5c300000,0x0000009f5c400000)]
  0x000001b43f154090 JavaThread "jar transforms Thread 3" [_thread_blocked, id=27952, stack(0x0000009f61c00000,0x0000009f61d00000)]
  0x000001b43f1545a0 JavaThread "jar transforms Thread 4" [_thread_blocked, id=13012, stack(0x0000009f61100000,0x0000009f61200000)]
  0x000001b43f150df0 JavaThread "jar transforms Thread 5" [_thread_blocked, id=29168, stack(0x0000009f61d00000,0x0000009f61e00000)]
  0x000001b43f151300 JavaThread "jar transforms Thread 6" [_thread_blocked, id=16028, stack(0x0000009f61800000,0x0000009f61900000)]
  0x000001b43f151d20 JavaThread "jar transforms Thread 7" [_thread_blocked, id=30880, stack(0x0000009f61e00000,0x0000009f61f00000)]
  0x000001b43f154fc0 JavaThread "jar transforms Thread 8" [_thread_blocked, id=3632, stack(0x0000009f62000000,0x0000009f62100000)]
  0x000001b43f151810 JavaThread "jar transforms Thread 9" [_thread_blocked, id=20848, stack(0x0000009f62100000,0x0000009f62200000)]
  0x000001b43f1554d0 JavaThread "jar transforms Thread 10" [_thread_blocked, id=15176, stack(0x0000009f62200000,0x0000009f62300000)]
  0x000001b43f1559e0 JavaThread "jar transforms Thread 11" [_thread_blocked, id=33844, stack(0x0000009f62300000,0x0000009f62400000)]
  0x000001b43f152230 JavaThread "jar transforms Thread 12" [_thread_blocked, id=24580, stack(0x0000009f61700000,0x0000009f61800000)]
  0x000001b43f156400 JavaThread "jar transforms Thread 13" [_thread_blocked, id=29564, stack(0x0000009f62400000,0x0000009f62500000)]
  0x000001b43f157840 JavaThread "jar transforms Thread 14" [_thread_blocked, id=21104, stack(0x0000009f62500000,0x0000009f62600000)]
  0x000001b42722ac90 JavaThread "pool-3-thread-1" [_thread_blocked, id=29372, stack(0x0000009f62600000,0x0000009f62700000)]
  0x000001b4321ef2e0 JavaThread "build event listener" [_thread_blocked, id=12488, stack(0x0000009f62700000,0x0000009f62800000)]
  0x000001b42620b700 JavaThread "Cache worker for execution history cache (D:\Kuliah\Ta\New folder\Mobile\android\.gradle\8.12\executionHistory)" [_thread_blocked, id=5520, stack(0x0000009f62800000,0x0000009f62900000)]
  0x000001b42620a2c0 JavaThread "Exec process" [_thread_blocked, id=17852, stack(0x0000009f61900000,0x0000009f61a00000)]
  0x000001b42620b1f0 JavaThread "Exec process Thread 2" [_thread_blocked, id=16344, stack(0x0000009f62900000,0x0000009f62a00000)]
  0x000001b426209390 JavaThread "Exec process Thread 3" [_thread_blocked, id=16780, stack(0x0000009f62a00000,0x0000009f62b00000)]
  0x000001b4262098a0 JavaThread "pool-4-thread-1" [_thread_blocked, id=30168, stack(0x0000009f61200000,0x0000009f61300000)]
  0x000001b42620d560 JavaThread "stderr" [_thread_in_native, id=29784, stack(0x0000009f61f00000,0x0000009f62000000)]
  0x000001b42620c120 JavaThread "stdout" [_thread_in_native, id=26820, stack(0x0000009f62b00000,0x0000009f62c00000)]
  0x000001b42620df80 JavaThread "RMI TCP Accept-0" daemon [_thread_in_native, id=6480, stack(0x0000009f62d00000,0x0000009f62e00000)]
  0x000001b42620a7d0 JavaThread "RMI TCP Connection(4)-127.0.0.1" daemon [_thread_in_native, id=29864, stack(0x0000009f62e00000,0x0000009f62f00000)]

Other Threads:
  0x000001b40b5978b0 VMThread "VM Thread" [stack: 0x0000009f5cc00000,0x0000009f5cd00000] [id=16524]
  0x000001b477d0a040 WatcherThread [stack: 0x0000009f5dc00000,0x0000009f5dd00000] [id=33256]
  0x000001b475abec60 GCTaskThread "GC Thread#0" [stack: 0x0000009f5c700000,0x0000009f5c800000] [id=11988]
  0x000001b4252c81d0 GCTaskThread "GC Thread#1" [stack: 0x0000009f5dd00000,0x0000009f5de00000] [id=34092]
  0x000001b4252c8490 GCTaskThread "GC Thread#2" [stack: 0x0000009f5de00000,0x0000009f5df00000] [id=33388]
  0x000001b40ba14e50 GCTaskThread "GC Thread#3" [stack: 0x0000009f5e000000,0x0000009f5e100000] [id=13492]
  0x000001b426539040 GCTaskThread "GC Thread#4" [stack: 0x0000009f5e100000,0x0000009f5e200000] [id=24168]
  0x000001b426215cc0 GCTaskThread "GC Thread#5" [stack: 0x0000009f5ee00000,0x0000009f5ef00000] [id=31664]
  0x000001b40ba7b380 GCTaskThread "GC Thread#6" [stack: 0x0000009f5ef00000,0x0000009f5f000000] [id=7512]
  0x000001b4275ea3e0 GCTaskThread "GC Thread#7" [stack: 0x0000009f5f000000,0x0000009f5f100000] [id=33416]
  0x000001b426f5f440 GCTaskThread "GC Thread#8" [stack: 0x0000009f5f100000,0x0000009f5f200000] [id=11184]
  0x000001b42599fb70 GCTaskThread "GC Thread#9" [stack: 0x0000009f5f200000,0x0000009f5f300000] [id=23000]
  0x000001b4273a1030 GCTaskThread "GC Thread#10" [stack: 0x0000009f5f300000,0x0000009f5f400000] [id=34052]
  0x000001b426f291c0 GCTaskThread "GC Thread#11" [stack: 0x0000009f5f400000,0x0000009f5f500000] [id=33448]
  0x000001b427b3cb40 GCTaskThread "GC Thread#12" [stack: 0x0000009f5f500000,0x0000009f5f600000] [id=26512]
  0x000001b477d4bc10 ConcurrentGCThread "G1 Main Marker" [stack: 0x0000009f5c800000,0x0000009f5c900000] [id=19384]
  0x000001b477d4d110 ConcurrentGCThread "G1 Conc#0" [stack: 0x0000009f5c900000,0x0000009f5ca00000] [id=23800]
  0x000001b427b3c300 ConcurrentGCThread "G1 Conc#1" [stack: 0x0000009f5f800000,0x0000009f5f900000] [id=6728]
  0x000001b427b3bd80 ConcurrentGCThread "G1 Conc#2" [stack: 0x0000009f5f900000,0x0000009f5fa00000] [id=14728]
  0x000001b477dad820 ConcurrentGCThread "G1 Refine#0" [stack: 0x0000009f5ca00000,0x0000009f5cb00000] [id=10152]
  0x000001b42762de80 ConcurrentGCThread "G1 Refine#1" [stack: 0x0000009f5fa00000,0x0000009f5fb00000] [id=13204]
  0x000001b42762d8a0 ConcurrentGCThread "G1 Refine#2" [stack: 0x0000009f5fb00000,0x0000009f5fc00000] [id=25516]
  0x000001b4381b7640 ConcurrentGCThread "G1 Refine#3" [stack: 0x0000009f5d600000,0x0000009f5d700000] [id=9500]
  0x000001b4381b5bd0 ConcurrentGCThread "G1 Refine#4" [stack: 0x0000009f61400000,0x0000009f61500000] [id=21240]
  0x000001b4381b64a0 ConcurrentGCThread "G1 Refine#5" [stack: 0x0000009f61500000,0x0000009f61600000] [id=2876]
  0x000001b4381b61b0 ConcurrentGCThread "G1 Refine#6" [stack: 0x0000009f61600000,0x0000009f61700000] [id=9556]
  0x000001b477dadf00 ConcurrentGCThread "G1 Service" [stack: 0x0000009f5cb00000,0x0000009f5cc00000] [id=34568]

Threads with active compile tasks:
C2 CompilerThread0   291805 32685       4       com.android.tools.r8.graph.Q4::a (111 bytes)

VM state: not at safepoint (normal execution)

VM Mutex/Monitor currently owned by a thread: None

Heap address: 0x0000000100000000, size: 1024 MB, Compressed Oops mode: Zero based, Oop shift amount: 3

CDS archive(s) mapped at: [0x000001b40c000000-0x000001b40cbb0000-0x000001b40cbb0000), size 12255232, SharedBaseAddress: 0x000001b40c000000, ArchiveRelocationMode: 1.
Compressed class space mapped at: 0x000001b40d000000-0x000001b421000000, reserved size: 335544320
Narrow klass base: 0x000001b40c000000, Narrow klass shift: 0, Narrow klass range: 0x100000000

GC Precious Log:
 CPUs: 16 total, 16 available
 Memory: 7896M
 Large Page Support: Disabled
 NUMA Support: Disabled
 Compressed Oops: Enabled (Zero based)
 Heap Region Size: 1M
 Heap Min Capacity: 128M
 Heap Initial Capacity: 128M
 Heap Max Capacity: 1G
 Pre-touch: Disabled
 Parallel Workers: 13
 Concurrent Workers: 3
 Concurrent Refinement Workers: 13
 Periodic GC: Disabled

Heap:
 garbage-first heap   total 734208K, used 448362K [0x0000000100000000, 0x0000000140000000)
  region size 1024K, 131 young (134144K), 17 survivors (17408K)
 Metaspace       used 218676K, committed 220480K, reserved 524288K
  class space    used 27890K, committed 28736K, reserved 327680K

Heap Regions: E=young(eden), S=young(survivor), O=old, HS=humongous(starts), HC=humongous(continues), CS=collection set, F=free, OA=open archive, CA=closed archive, TAMS=top-at-mark-start (previous, next)
|   0|0x0000000100000000, 0x0000000100100000, 0x0000000100100000|100%| O|  |TAMS 0x0000000100100000, 0x0000000100000000| Untracked 
|   1|0x0000000100100000, 0x0000000100200000, 0x0000000100200000|100%|HS|  |TAMS 0x0000000100200000, 0x0000000100100000| Complete 
|   2|0x0000000100200000, 0x0000000100300000, 0x0000000100300000|100%|HC|  |TAMS 0x0000000100300000, 0x0000000100200000| Complete 
|   3|0x0000000100300000, 0x0000000100400000, 0x0000000100400000|100%|HC|  |TAMS 0x0000000100400000, 0x0000000100300000| Complete 
|   4|0x0000000100400000, 0x0000000100500000, 0x0000000100500000|100%| O|  |TAMS 0x0000000100500000, 0x0000000100400000| Untracked 
|   5|0x0000000100500000, 0x0000000100600000, 0x0000000100600000|100%| O|  |TAMS 0x0000000100600000, 0x0000000100500000| Untracked 
|   6|0x0000000100600000, 0x0000000100700000, 0x0000000100700000|100%| O|  |TAMS 0x0000000100700000, 0x0000000100600000| Untracked 
|   7|0x0000000100700000, 0x0000000100800000, 0x0000000100800000|100%|HS|  |TAMS 0x0000000100800000, 0x0000000100700000| Complete 
|   8|0x0000000100800000, 0x0000000100900000, 0x0000000100900000|100%| O|  |TAMS 0x0000000100900000, 0x0000000100800000| Untracked 
|   9|0x0000000100900000, 0x0000000100a00000, 0x0000000100a00000|100%| O|  |TAMS 0x0000000100a00000, 0x0000000100900000| Untracked 
|  10|0x0000000100a00000, 0x0000000100b00000, 0x0000000100b00000|100%| O|  |TAMS 0x0000000100b00000, 0x0000000100a00000| Untracked 
|  11|0x0000000100b00000, 0x0000000100c00000, 0x0000000100c00000|100%| O|  |TAMS 0x0000000100c00000, 0x0000000100b00000| Untracked 
|  12|0x0000000100c00000, 0x0000000100d00000, 0x0000000100d00000|100%| O|  |TAMS 0x0000000100d00000, 0x0000000100c00000| Untracked 
|  13|0x0000000100d00000, 0x0000000100e00000, 0x0000000100e00000|100%| O|  |TAMS 0x0000000100e00000, 0x0000000100d00000| Untracked 
|  14|0x0000000100e00000, 0x0000000100f00000, 0x0000000100f00000|100%| O|  |TAMS 0x0000000100f00000, 0x0000000100e00000| Untracked 
|  15|0x0000000100f00000, 0x0000000101000000, 0x0000000101000000|100%| O|  |TAMS 0x0000000101000000, 0x0000000100f00000| Untracked 
|  16|0x0000000101000000, 0x0000000101100000, 0x0000000101100000|100%| O|  |TAMS 0x0000000101100000, 0x0000000101000000| Untracked 
|  17|0x0000000101100000, 0x0000000101200000, 0x0000000101200000|100%| O|  |TAMS 0x0000000101200000, 0x0000000101100000| Untracked 
|  18|0x0000000101200000, 0x0000000101300000, 0x0000000101300000|100%| O|  |TAMS 0x0000000101300000, 0x0000000101200000| Untracked 
|  19|0x0000000101300000, 0x0000000101400000, 0x0000000101400000|100%| O|  |TAMS 0x0000000101400000, 0x0000000101300000| Untracked 
|  20|0x0000000101400000, 0x0000000101500000, 0x0000000101500000|100%| O|  |TAMS 0x0000000101500000, 0x0000000101400000| Untracked 
|  21|0x0000000101500000, 0x0000000101600000, 0x0000000101600000|100%| O|  |TAMS 0x0000000101600000, 0x0000000101500000| Untracked 
|  22|0x0000000101600000, 0x0000000101700000, 0x0000000101700000|100%| O|  |TAMS 0x0000000101700000, 0x0000000101600000| Untracked 
|  23|0x0000000101700000, 0x0000000101800000, 0x0000000101800000|100%| O|  |TAMS 0x0000000101800000, 0x0000000101700000| Untracked 
|  24|0x0000000101800000, 0x0000000101900000, 0x0000000101900000|100%| O|  |TAMS 0x0000000101900000, 0x0000000101800000| Untracked 
|  25|0x0000000101900000, 0x0000000101a00000, 0x0000000101a00000|100%| O|  |TAMS 0x0000000101a00000, 0x0000000101900000| Untracked 
|  26|0x0000000101a00000, 0x0000000101b00000, 0x0000000101b00000|100%| O|  |TAMS 0x0000000101b00000, 0x0000000101a00000| Untracked 
|  27|0x0000000101b00000, 0x0000000101c00000, 0x0000000101c00000|100%| O|  |TAMS 0x0000000101c00000, 0x0000000101b00000| Untracked 
|  28|0x0000000101c00000, 0x0000000101d00000, 0x0000000101d00000|100%| O|  |TAMS 0x0000000101d00000, 0x0000000101c00000| Untracked 
|  29|0x0000000101d00000, 0x0000000101e00000, 0x0000000101e00000|100%| O|  |TAMS 0x0000000101e00000, 0x0000000101d00000| Untracked 
|  30|0x0000000101e00000, 0x0000000101f00000, 0x0000000101f00000|100%| O|  |TAMS 0x0000000101f00000, 0x0000000101e00000| Untracked 
|  31|0x0000000101f00000, 0x0000000102000000, 0x0000000102000000|100%| O|  |TAMS 0x0000000102000000, 0x0000000101f00000| Untracked 
|  32|0x0000000102000000, 0x0000000102100000, 0x0000000102100000|100%| O|  |TAMS 0x0000000102100000, 0x0000000102000000| Untracked 
|  33|0x0000000102100000, 0x0000000102200000, 0x0000000102200000|100%| O|  |TAMS 0x0000000102200000, 0x0000000102100000| Untracked 
|  34|0x0000000102200000, 0x0000000102300000, 0x0000000102300000|100%| O|  |TAMS 0x0000000102300000, 0x0000000102200000| Untracked 
|  35|0x0000000102300000, 0x0000000102400000, 0x0000000102400000|100%| O|  |TAMS 0x0000000102400000, 0x0000000102300000| Untracked 
|  36|0x0000000102400000, 0x0000000102500000, 0x0000000102500000|100%| O|  |TAMS 0x0000000102500000, 0x0000000102400000| Untracked 
|  37|0x0000000102500000, 0x0000000102600000, 0x0000000102600000|100%| O|  |TAMS 0x0000000102600000, 0x0000000102500000| Untracked 
|  38|0x0000000102600000, 0x0000000102700000, 0x0000000102700000|100%| O|  |TAMS 0x0000000102700000, 0x0000000102600000| Untracked 
|  39|0x0000000102700000, 0x0000000102800000, 0x0000000102800000|100%| O|  |TAMS 0x0000000102800000, 0x0000000102700000| Untracked 
|  40|0x0000000102800000, 0x0000000102900000, 0x0000000102900000|100%| O|  |TAMS 0x0000000102900000, 0x0000000102800000| Untracked 
|  41|0x0000000102900000, 0x0000000102a00000, 0x0000000102a00000|100%|HS|  |TAMS 0x0000000102a00000, 0x0000000102900000| Complete 
|  42|0x0000000102a00000, 0x0000000102b00000, 0x0000000102b00000|100%| O|  |TAMS 0x0000000102b00000, 0x0000000102a00000| Untracked 
|  43|0x0000000102b00000, 0x0000000102c00000, 0x0000000102c00000|100%| O|  |TAMS 0x0000000102c00000, 0x0000000102b00000| Untracked 
|  44|0x0000000102c00000, 0x0000000102d00000, 0x0000000102d00000|100%| O|  |TAMS 0x0000000102d00000, 0x0000000102c00000| Untracked 
|  45|0x0000000102d00000, 0x0000000102e00000, 0x0000000102e00000|100%| O|  |TAMS 0x0000000102e00000, 0x0000000102d00000| Untracked 
|  46|0x0000000102e00000, 0x0000000102f00000, 0x0000000102f00000|100%| O|  |TAMS 0x0000000102f00000, 0x0000000102e00000| Untracked 
|  47|0x0000000102f00000, 0x0000000103000000, 0x0000000103000000|100%| O|  |TAMS 0x0000000103000000, 0x0000000102f00000| Untracked 
|  48|0x0000000103000000, 0x0000000103100000, 0x0000000103100000|100%| O|  |TAMS 0x0000000103100000, 0x0000000103000000| Untracked 
|  49|0x0000000103100000, 0x0000000103200000, 0x0000000103200000|100%| O|  |TAMS 0x0000000103200000, 0x0000000103100000| Untracked 
|  50|0x0000000103200000, 0x0000000103300000, 0x0000000103300000|100%| O|  |TAMS 0x0000000103300000, 0x0000000103200000| Untracked 
|  51|0x0000000103300000, 0x0000000103400000, 0x0000000103400000|100%| O|  |TAMS 0x0000000103400000, 0x0000000103300000| Untracked 
|  52|0x0000000103400000, 0x0000000103500000, 0x0000000103500000|100%| O|  |TAMS 0x0000000103500000, 0x0000000103400000| Untracked 
|  53|0x0000000103500000, 0x0000000103600000, 0x0000000103600000|100%| O|  |TAMS 0x0000000103600000, 0x0000000103500000| Untracked 
|  54|0x0000000103600000, 0x0000000103700000, 0x0000000103700000|100%| O|  |TAMS 0x0000000103700000, 0x0000000103600000| Untracked 
|  55|0x0000000103700000, 0x0000000103800000, 0x0000000103800000|100%| O|  |TAMS 0x0000000103800000, 0x0000000103700000| Untracked 
|  56|0x0000000103800000, 0x0000000103900000, 0x0000000103900000|100%| O|  |TAMS 0x0000000103900000, 0x0000000103800000| Untracked 
|  57|0x0000000103900000, 0x0000000103a00000, 0x0000000103a00000|100%| O|  |TAMS 0x0000000103a00000, 0x0000000103900000| Untracked 
|  58|0x0000000103a00000, 0x0000000103b00000, 0x0000000103b00000|100%|HS|  |TAMS 0x0000000103b00000, 0x0000000103a00000| Complete 
|  59|0x0000000103b00000, 0x0000000103c00000, 0x0000000103c00000|100%|HC|  |TAMS 0x0000000103c00000, 0x0000000103b00000| Complete 
|  60|0x0000000103c00000, 0x0000000103d00000, 0x0000000103d00000|100%| O|  |TAMS 0x0000000103d00000, 0x0000000103c00000| Untracked 
|  61|0x0000000103d00000, 0x0000000103e00000, 0x0000000103e00000|100%| O|  |TAMS 0x0000000103e00000, 0x0000000103d00000| Untracked 
|  62|0x0000000103e00000, 0x0000000103f00000, 0x0000000103f00000|100%| O|  |TAMS 0x0000000103f00000, 0x0000000103e00000| Untracked 
|  63|0x0000000103f00000, 0x0000000104000000, 0x0000000104000000|100%| O|  |TAMS 0x0000000104000000, 0x0000000103f00000| Untracked 
|  64|0x0000000104000000, 0x0000000104100000, 0x0000000104100000|100%|HS|  |TAMS 0x0000000104100000, 0x0000000104000000| Complete 
|  65|0x0000000104100000, 0x0000000104200000, 0x0000000104200000|100%|HC|  |TAMS 0x0000000104200000, 0x0000000104100000| Complete 
|  66|0x0000000104200000, 0x0000000104300000, 0x0000000104300000|100%| O|  |TAMS 0x0000000104300000, 0x0000000104200000| Untracked 
|  67|0x0000000104300000, 0x0000000104400000, 0x0000000104400000|100%|HS|  |TAMS 0x0000000104400000, 0x0000000104300000| Complete 
|  68|0x0000000104400000, 0x0000000104500000, 0x0000000104500000|100%|HC|  |TAMS 0x0000000104500000, 0x0000000104400000| Complete 
|  69|0x0000000104500000, 0x0000000104600000, 0x0000000104600000|100%|HC|  |TAMS 0x0000000104600000, 0x0000000104500000| Complete 
|  70|0x0000000104600000, 0x0000000104700000, 0x0000000104700000|100%| O|  |TAMS 0x0000000104700000, 0x0000000104600000| Untracked 
|  71|0x0000000104700000, 0x0000000104800000, 0x0000000104800000|100%| O|  |TAMS 0x0000000104800000, 0x0000000104700000| Untracked 
|  72|0x0000000104800000, 0x0000000104900000, 0x0000000104900000|100%| O|  |TAMS 0x0000000104900000, 0x0000000104800000| Untracked 
|  73|0x0000000104900000, 0x0000000104a00000, 0x0000000104a00000|100%| O|  |TAMS 0x0000000104a00000, 0x0000000104900000| Untracked 
|  74|0x0000000104a00000, 0x0000000104b00000, 0x0000000104b00000|100%| O|  |TAMS 0x0000000104b00000, 0x0000000104a00000| Untracked 
|  75|0x0000000104b00000, 0x0000000104c00000, 0x0000000104c00000|100%| O|  |TAMS 0x0000000104c00000, 0x0000000104b00000| Untracked 
|  76|0x0000000104c00000, 0x0000000104d00000, 0x0000000104d00000|100%| O|  |TAMS 0x0000000104d00000, 0x0000000104c00000| Untracked 
|  77|0x0000000104d00000, 0x0000000104e00000, 0x0000000104e00000|100%| O|  |TAMS 0x0000000104e00000, 0x0000000104d00000| Untracked 
|  78|0x0000000104e00000, 0x0000000104f00000, 0x0000000104f00000|100%| O|  |TAMS 0x0000000104f00000, 0x0000000104e00000| Untracked 
|  79|0x0000000104f00000, 0x0000000105000000, 0x0000000105000000|100%| O|  |TAMS 0x0000000105000000, 0x0000000104f00000| Untracked 
|  80|0x0000000105000000, 0x0000000105100000, 0x0000000105100000|100%| O|  |TAMS 0x0000000105100000, 0x0000000105000000| Untracked 
|  81|0x0000000105100000, 0x0000000105200000, 0x0000000105200000|100%| O|  |TAMS 0x0000000105200000, 0x0000000105100000| Untracked 
|  82|0x0000000105200000, 0x0000000105300000, 0x0000000105300000|100%| O|  |TAMS 0x0000000105300000, 0x0000000105200000| Untracked 
|  83|0x0000000105300000, 0x0000000105400000, 0x0000000105400000|100%| O|  |TAMS 0x0000000105400000, 0x0000000105300000| Untracked 
|  84|0x0000000105400000, 0x0000000105500000, 0x0000000105500000|100%| O|  |TAMS 0x0000000105500000, 0x0000000105400000| Untracked 
|  85|0x0000000105500000, 0x0000000105600000, 0x0000000105600000|100%|HS|  |TAMS 0x0000000105600000, 0x0000000105500000| Complete 
|  86|0x0000000105600000, 0x0000000105700000, 0x0000000105700000|100%|HC|  |TAMS 0x0000000105700000, 0x0000000105600000| Complete 
|  87|0x0000000105700000, 0x0000000105800000, 0x0000000105800000|100%|HC|  |TAMS 0x0000000105800000, 0x0000000105700000| Complete 
|  88|0x0000000105800000, 0x0000000105900000, 0x0000000105900000|100%| O|  |TAMS 0x0000000105900000, 0x0000000105800000| Untracked 
|  89|0x0000000105900000, 0x0000000105a00000, 0x0000000105a00000|100%| O|  |TAMS 0x0000000105a00000, 0x0000000105900000| Untracked 
|  90|0x0000000105a00000, 0x0000000105b00000, 0x0000000105b00000|100%| O|  |TAMS 0x0000000105b00000, 0x0000000105a00000| Untracked 
|  91|0x0000000105b00000, 0x0000000105c00000, 0x0000000105c00000|100%| O|  |TAMS 0x0000000105c00000, 0x0000000105b00000| Untracked 
|  92|0x0000000105c00000, 0x0000000105d00000, 0x0000000105d00000|100%| O|  |TAMS 0x0000000105d00000, 0x0000000105c00000| Untracked 
|  93|0x0000000105d00000, 0x0000000105e00000, 0x0000000105e00000|100%| O|  |TAMS 0x0000000105e00000, 0x0000000105d00000| Untracked 
|  94|0x0000000105e00000, 0x0000000105f00000, 0x0000000105f00000|100%| O|  |TAMS 0x0000000105f00000, 0x0000000105e00000| Untracked 
|  95|0x0000000105f00000, 0x0000000106000000, 0x0000000106000000|100%| O|  |TAMS 0x0000000106000000, 0x0000000105f00000| Untracked 
|  96|0x0000000106000000, 0x0000000106100000, 0x0000000106100000|100%| O|  |TAMS 0x0000000106100000, 0x0000000106000000| Untracked 
|  97|0x0000000106100000, 0x0000000106200000, 0x0000000106200000|100%| O|  |TAMS 0x0000000106200000, 0x0000000106100000| Untracked 
|  98|0x0000000106200000, 0x0000000106200000, 0x0000000106300000|  0%| F|  |TAMS 0x0000000106200000, 0x0000000106200000| Untracked 
|  99|0x0000000106300000, 0x0000000106400000, 0x0000000106400000|100%| O|  |TAMS 0x0000000106400000, 0x0000000106300000| Untracked 
| 100|0x0000000106400000, 0x0000000106500000, 0x0000000106500000|100%| O|  |TAMS 0x0000000106500000, 0x0000000106400000| Untracked 
| 101|0x0000000106500000, 0x0000000106600000, 0x0000000106600000|100%| O|  |TAMS 0x0000000106600000, 0x0000000106500000| Untracked 
| 102|0x0000000106600000, 0x0000000106700000, 0x0000000106700000|100%| O|  |TAMS 0x0000000106700000, 0x0000000106600000| Untracked 
| 103|0x0000000106700000, 0x0000000106700000, 0x0000000106800000|  0%| F|  |TAMS 0x0000000106700000, 0x0000000106700000| Untracked 
| 104|0x0000000106800000, 0x0000000106900000, 0x0000000106900000|100%| O|  |TAMS 0x0000000106900000, 0x0000000106800000| Untracked 
| 105|0x0000000106900000, 0x0000000106a00000, 0x0000000106a00000|100%| O|  |TAMS 0x0000000106a00000, 0x0000000106900000| Untracked 
| 106|0x0000000106a00000, 0x0000000106b00000, 0x0000000106b00000|100%| O|  |TAMS 0x0000000106b00000, 0x0000000106a00000| Untracked 
| 107|0x0000000106b00000, 0x0000000106c00000, 0x0000000106c00000|100%| O|  |TAMS 0x0000000106c00000, 0x0000000106b00000| Untracked 
| 108|0x0000000106c00000, 0x0000000106d00000, 0x0000000106d00000|100%| O|  |TAMS 0x0000000106d00000, 0x0000000106c00000| Untracked 
| 109|0x0000000106d00000, 0x0000000106e00000, 0x0000000106e00000|100%| O|  |TAMS 0x0000000106e00000, 0x0000000106d00000| Untracked 
| 110|0x0000000106e00000, 0x0000000106f00000, 0x0000000106f00000|100%| O|  |TAMS 0x0000000106f00000, 0x0000000106e00000| Untracked 
| 111|0x0000000106f00000, 0x0000000107000000, 0x0000000107000000|100%| O|  |TAMS 0x0000000107000000, 0x0000000106f00000| Untracked 
| 112|0x0000000107000000, 0x0000000107100000, 0x0000000107100000|100%| O|  |TAMS 0x0000000107100000, 0x0000000107000000| Untracked 
| 113|0x0000000107100000, 0x0000000107200000, 0x0000000107200000|100%| O|  |TAMS 0x0000000107200000, 0x0000000107100000| Untracked 
| 114|0x0000000107200000, 0x0000000107300000, 0x0000000107300000|100%| O|  |TAMS 0x0000000107300000, 0x0000000107200000| Untracked 
| 115|0x0000000107300000, 0x0000000107400000, 0x0000000107400000|100%|HS|  |TAMS 0x0000000107400000, 0x0000000107300000| Complete 
| 116|0x0000000107400000, 0x0000000107500000, 0x0000000107500000|100%| O|  |TAMS 0x0000000107500000, 0x0000000107400000| Untracked 
| 117|0x0000000107500000, 0x0000000107600000, 0x0000000107600000|100%| O|  |TAMS 0x0000000107600000, 0x0000000107500000| Untracked 
| 118|0x0000000107600000, 0x0000000107700000, 0x0000000107700000|100%| O|  |TAMS 0x0000000107700000, 0x0000000107600000| Untracked 
| 119|0x0000000107700000, 0x0000000107800000, 0x0000000107800000|100%| O|  |TAMS 0x0000000107800000, 0x0000000107700000| Untracked 
| 120|0x0000000107800000, 0x0000000107900000, 0x0000000107900000|100%| O|  |TAMS 0x0000000107900000, 0x0000000107800000| Untracked 
| 121|0x0000000107900000, 0x0000000107a00000, 0x0000000107a00000|100%| O|  |TAMS 0x0000000107a00000, 0x0000000107900000| Untracked 
| 122|0x0000000107a00000, 0x0000000107b00000, 0x0000000107b00000|100%| O|  |TAMS 0x0000000107b00000, 0x0000000107a00000| Untracked 
| 123|0x0000000107b00000, 0x0000000107c00000, 0x0000000107c00000|100%| O|  |TAMS 0x0000000107c00000, 0x0000000107b00000| Untracked 
| 124|0x0000000107c00000, 0x0000000107d00000, 0x0000000107d00000|100%| O|  |TAMS 0x0000000107d00000, 0x0000000107c00000| Untracked 
| 125|0x0000000107d00000, 0x0000000107e00000, 0x0000000107e00000|100%|HS|  |TAMS 0x0000000107e00000, 0x0000000107d00000| Complete 
| 126|0x0000000107e00000, 0x0000000107f00000, 0x0000000107f00000|100%|HS|  |TAMS 0x0000000107f00000, 0x0000000107e00000| Complete 
| 127|0x0000000107f00000, 0x0000000108000000, 0x0000000108000000|100%| O|  |TAMS 0x0000000108000000, 0x0000000107f00000| Untracked 
| 128|0x0000000108000000, 0x0000000108100000, 0x0000000108100000|100%| O|  |TAMS 0x0000000108100000, 0x0000000108000000| Untracked 
| 129|0x0000000108100000, 0x0000000108200000, 0x0000000108200000|100%| O|  |TAMS 0x0000000108200000, 0x0000000108100000| Untracked 
| 130|0x0000000108200000, 0x0000000108300000, 0x0000000108300000|100%| O|  |TAMS 0x0000000108300000, 0x0000000108200000| Untracked 
| 131|0x0000000108300000, 0x0000000108400000, 0x0000000108400000|100%| O|  |TAMS 0x0000000108400000, 0x0000000108300000| Untracked 
| 132|0x0000000108400000, 0x0000000108500000, 0x0000000108500000|100%| O|  |TAMS 0x0000000108500000, 0x0000000108400000| Untracked 
| 133|0x0000000108500000, 0x0000000108600000, 0x0000000108600000|100%|HS|  |TAMS 0x0000000108600000, 0x0000000108500000| Complete 
| 134|0x0000000108600000, 0x0000000108700000, 0x0000000108700000|100%| O|  |TAMS 0x0000000108700000, 0x0000000108600000| Untracked 
| 135|0x0000000108700000, 0x0000000108800000, 0x0000000108800000|100%| O|  |TAMS 0x0000000108800000, 0x0000000108700000| Untracked 
| 136|0x0000000108800000, 0x0000000108900000, 0x0000000108900000|100%| O|  |TAMS 0x0000000108900000, 0x0000000108800000| Untracked 
| 137|0x0000000108900000, 0x0000000108a00000, 0x0000000108a00000|100%| O|  |TAMS 0x0000000108a00000, 0x0000000108900000| Untracked 
| 138|0x0000000108a00000, 0x0000000108b00000, 0x0000000108b00000|100%| O|  |TAMS 0x0000000108b00000, 0x0000000108a00000| Untracked 
| 139|0x0000000108b00000, 0x0000000108c00000, 0x0000000108c00000|100%| O|  |TAMS 0x0000000108c00000, 0x0000000108b00000| Untracked 
| 140|0x0000000108c00000, 0x0000000108d00000, 0x0000000108d00000|100%| O|  |TAMS 0x0000000108d00000, 0x0000000108c00000| Untracked 
| 141|0x0000000108d00000, 0x0000000108e00000, 0x0000000108e00000|100%| O|  |TAMS 0x0000000108e00000, 0x0000000108d00000| Untracked 
| 142|0x0000000108e00000, 0x0000000108f00000, 0x0000000108f00000|100%| O|  |TAMS 0x0000000108f00000, 0x0000000108e00000| Untracked 
| 143|0x0000000108f00000, 0x0000000109000000, 0x0000000109000000|100%| O|  |TAMS 0x0000000109000000, 0x0000000108f00000| Untracked 
| 144|0x0000000109000000, 0x0000000109100000, 0x0000000109100000|100%| O|  |TAMS 0x0000000109100000, 0x0000000109000000| Untracked 
| 145|0x0000000109100000, 0x0000000109200000, 0x0000000109200000|100%| O|  |TAMS 0x0000000109200000, 0x0000000109100000| Untracked 
| 146|0x0000000109200000, 0x0000000109300000, 0x0000000109300000|100%| O|  |TAMS 0x0000000109300000, 0x0000000109200000| Untracked 
| 147|0x0000000109300000, 0x0000000109400000, 0x0000000109400000|100%| O|  |TAMS 0x0000000109400000, 0x0000000109300000| Untracked 
| 148|0x0000000109400000, 0x0000000109500000, 0x0000000109500000|100%| O|  |TAMS 0x0000000109500000, 0x0000000109400000| Untracked 
| 149|0x0000000109500000, 0x0000000109600000, 0x0000000109600000|100%| O|  |TAMS 0x0000000109600000, 0x0000000109500000| Untracked 
| 150|0x0000000109600000, 0x0000000109700000, 0x0000000109700000|100%| O|  |TAMS 0x0000000109700000, 0x0000000109600000| Untracked 
| 151|0x0000000109700000, 0x0000000109800000, 0x0000000109800000|100%| O|  |TAMS 0x0000000109800000, 0x0000000109700000| Untracked 
| 152|0x0000000109800000, 0x0000000109900000, 0x0000000109900000|100%| O|  |TAMS 0x0000000109900000, 0x0000000109800000| Untracked 
| 153|0x0000000109900000, 0x0000000109a00000, 0x0000000109a00000|100%| O|  |TAMS 0x0000000109a00000, 0x0000000109900000| Untracked 
| 154|0x0000000109a00000, 0x0000000109b00000, 0x0000000109b00000|100%| O|  |TAMS 0x0000000109b00000, 0x0000000109a00000| Untracked 
| 155|0x0000000109b00000, 0x0000000109c00000, 0x0000000109c00000|100%| O|  |TAMS 0x0000000109c00000, 0x0000000109b00000| Untracked 
| 156|0x0000000109c00000, 0x0000000109c00000, 0x0000000109d00000|  0%| F|  |TAMS 0x0000000109c00000, 0x0000000109c00000| Untracked 
| 157|0x0000000109d00000, 0x0000000109d00000, 0x0000000109e00000|  0%| F|  |TAMS 0x0000000109d00000, 0x0000000109d00000| Untracked 
| 158|0x0000000109e00000, 0x0000000109f00000, 0x0000000109f00000|100%| O|  |TAMS 0x0000000109f00000, 0x0000000109e00000| Untracked 
| 159|0x0000000109f00000, 0x000000010a000000, 0x000000010a000000|100%| O|  |TAMS 0x000000010a000000, 0x0000000109f00000| Untracked 
| 160|0x000000010a000000, 0x000000010a100000, 0x000000010a100000|100%| O|  |TAMS 0x000000010a100000, 0x000000010a000000| Untracked 
| 161|0x000000010a100000, 0x000000010a200000, 0x000000010a200000|100%| O|  |TAMS 0x000000010a200000, 0x000000010a100000| Untracked 
| 162|0x000000010a200000, 0x000000010a300000, 0x000000010a300000|100%|HS|  |TAMS 0x000000010a300000, 0x000000010a200000| Complete 
| 163|0x000000010a300000, 0x000000010a400000, 0x000000010a400000|100%|HS|  |TAMS 0x000000010a400000, 0x000000010a300000| Complete 
| 164|0x000000010a400000, 0x000000010a500000, 0x000000010a500000|100%| O|  |TAMS 0x000000010a500000, 0x000000010a400000| Untracked 
| 165|0x000000010a500000, 0x000000010a600000, 0x000000010a600000|100%| O|  |TAMS 0x000000010a600000, 0x000000010a500000| Untracked 
| 166|0x000000010a600000, 0x000000010a700000, 0x000000010a700000|100%| O|  |TAMS 0x000000010a700000, 0x000000010a600000| Untracked 
| 167|0x000000010a700000, 0x000000010a800000, 0x000000010a800000|100%| O|  |TAMS 0x000000010a800000, 0x000000010a700000| Untracked 
| 168|0x000000010a800000, 0x000000010a900000, 0x000000010a900000|100%| O|  |TAMS 0x000000010a900000, 0x000000010a800000| Untracked 
| 169|0x000000010a900000, 0x000000010aa00000, 0x000000010aa00000|100%|HS|  |TAMS 0x000000010aa00000, 0x000000010a900000| Complete 
| 170|0x000000010aa00000, 0x000000010ab00000, 0x000000010ab00000|100%|HS|  |TAMS 0x000000010ab00000, 0x000000010aa00000| Complete 
| 171|0x000000010ab00000, 0x000000010ac00000, 0x000000010ac00000|100%|HS|  |TAMS 0x000000010ac00000, 0x000000010ab00000| Complete 
| 172|0x000000010ac00000, 0x000000010ad00000, 0x000000010ad00000|100%|HC|  |TAMS 0x000000010ad00000, 0x000000010ac00000| Complete 
| 173|0x000000010ad00000, 0x000000010ae00000, 0x000000010ae00000|100%|HS|  |TAMS 0x000000010ae00000, 0x000000010ad00000| Complete 
| 174|0x000000010ae00000, 0x000000010af00000, 0x000000010af00000|100%|HS|  |TAMS 0x000000010af00000, 0x000000010ae00000| Complete 
| 175|0x000000010af00000, 0x000000010b000000, 0x000000010b000000|100%| O|  |TAMS 0x000000010b000000, 0x000000010af00000| Untracked 
| 176|0x000000010b000000, 0x000000010b100000, 0x000000010b100000|100%| O|  |TAMS 0x000000010b100000, 0x000000010b000000| Untracked 
| 177|0x000000010b100000, 0x000000010b200000, 0x000000010b200000|100%| O|  |TAMS 0x000000010b200000, 0x000000010b100000| Untracked 
| 178|0x000000010b200000, 0x000000010b300000, 0x000000010b300000|100%| O|  |TAMS 0x000000010b300000, 0x000000010b200000| Untracked 
| 179|0x000000010b300000, 0x000000010b400000, 0x000000010b400000|100%| O|  |TAMS 0x000000010b400000, 0x000000010b300000| Untracked 
| 180|0x000000010b400000, 0x000000010b500000, 0x000000010b500000|100%| O|  |TAMS 0x000000010b500000, 0x000000010b400000| Untracked 
| 181|0x000000010b500000, 0x000000010b600000, 0x000000010b600000|100%| O|  |TAMS 0x000000010b600000, 0x000000010b500000| Untracked 
| 182|0x000000010b600000, 0x000000010b700000, 0x000000010b700000|100%| O|  |TAMS 0x000000010b700000, 0x000000010b600000| Untracked 
| 183|0x000000010b700000, 0x000000010b800000, 0x000000010b800000|100%| O|  |TAMS 0x000000010b800000, 0x000000010b700000| Untracked 
| 184|0x000000010b800000, 0x000000010b900000, 0x000000010b900000|100%| O|  |TAMS 0x000000010b900000, 0x000000010b800000| Untracked 
| 185|0x000000010b900000, 0x000000010ba00000, 0x000000010ba00000|100%| O|  |TAMS 0x000000010ba00000, 0x000000010b900000| Untracked 
| 186|0x000000010ba00000, 0x000000010bb00000, 0x000000010bb00000|100%| O|  |TAMS 0x000000010bb00000, 0x000000010ba00000| Untracked 
| 187|0x000000010bb00000, 0x000000010bc00000, 0x000000010bc00000|100%| O|  |TAMS 0x000000010bc00000, 0x000000010bb00000| Untracked 
| 188|0x000000010bc00000, 0x000000010bd00000, 0x000000010bd00000|100%| O|  |TAMS 0x000000010bd00000, 0x000000010bc00000| Untracked 
| 189|0x000000010bd00000, 0x000000010be00000, 0x000000010be00000|100%| O|  |TAMS 0x000000010be00000, 0x000000010bd00000| Untracked 
| 190|0x000000010be00000, 0x000000010bf00000, 0x000000010bf00000|100%| O|  |TAMS 0x000000010bf00000, 0x000000010be00000| Untracked 
| 191|0x000000010bf00000, 0x000000010c000000, 0x000000010c000000|100%| O|  |TAMS 0x000000010c000000, 0x000000010bf00000| Untracked 
| 192|0x000000010c000000, 0x000000010c100000, 0x000000010c100000|100%| O|  |TAMS 0x000000010c100000, 0x000000010c000000| Untracked 
| 193|0x000000010c100000, 0x000000010c200000, 0x000000010c200000|100%| O|  |TAMS 0x000000010c200000, 0x000000010c100000| Untracked 
| 194|0x000000010c200000, 0x000000010c300000, 0x000000010c300000|100%| O|  |TAMS 0x000000010c300000, 0x000000010c200000| Untracked 
| 195|0x000000010c300000, 0x000000010c400000, 0x000000010c400000|100%| O|  |TAMS 0x000000010c400000, 0x000000010c300000| Untracked 
| 196|0x000000010c400000, 0x000000010c500000, 0x000000010c500000|100%| O|  |TAMS 0x000000010c500000, 0x000000010c400000| Untracked 
| 197|0x000000010c500000, 0x000000010c600000, 0x000000010c600000|100%| O|  |TAMS 0x000000010c600000, 0x000000010c500000| Untracked 
| 198|0x000000010c600000, 0x000000010c700000, 0x000000010c700000|100%| O|  |TAMS 0x000000010c700000, 0x000000010c600000| Untracked 
| 199|0x000000010c700000, 0x000000010c800000, 0x000000010c800000|100%| O|  |TAMS 0x000000010c800000, 0x000000010c700000| Untracked 
| 200|0x000000010c800000, 0x000000010c900000, 0x000000010c900000|100%| O|  |TAMS 0x000000010c900000, 0x000000010c800000| Untracked 
| 201|0x000000010c900000, 0x000000010ca00000, 0x000000010ca00000|100%| O|  |TAMS 0x000000010ca00000, 0x000000010c900000| Untracked 
| 202|0x000000010ca00000, 0x000000010cb00000, 0x000000010cb00000|100%| O|  |TAMS 0x000000010cb00000, 0x000000010ca00000| Untracked 
| 203|0x000000010cb00000, 0x000000010cc00000, 0x000000010cc00000|100%| O|  |TAMS 0x000000010cc00000, 0x000000010cb00000| Untracked 
| 204|0x000000010cc00000, 0x000000010cd00000, 0x000000010cd00000|100%| O|  |TAMS 0x000000010cd00000, 0x000000010cc00000| Untracked 
| 205|0x000000010cd00000, 0x000000010ce00000, 0x000000010ce00000|100%| O|  |TAMS 0x000000010ce00000, 0x000000010cd00000| Untracked 
| 206|0x000000010ce00000, 0x000000010cf00000, 0x000000010cf00000|100%| O|  |TAMS 0x000000010cf00000, 0x000000010ce00000| Untracked 
| 207|0x000000010cf00000, 0x000000010d000000, 0x000000010d000000|100%| O|  |TAMS 0x000000010d000000, 0x000000010cf00000| Untracked 
| 208|0x000000010d000000, 0x000000010d100000, 0x000000010d100000|100%| O|  |TAMS 0x000000010d100000, 0x000000010d000000| Untracked 
| 209|0x000000010d100000, 0x000000010d200000, 0x000000010d200000|100%| O|  |TAMS 0x000000010d200000, 0x000000010d100000| Untracked 
| 210|0x000000010d200000, 0x000000010d300000, 0x000000010d300000|100%|HS|  |TAMS 0x000000010d300000, 0x000000010d200000| Complete 
| 211|0x000000010d300000, 0x000000010d400000, 0x000000010d400000|100%|HC|  |TAMS 0x000000010d400000, 0x000000010d300000| Complete 
| 212|0x000000010d400000, 0x000000010d500000, 0x000000010d500000|100%|HS|  |TAMS 0x000000010d500000, 0x000000010d400000| Complete 
| 213|0x000000010d500000, 0x000000010d600000, 0x000000010d600000|100%| O|  |TAMS 0x000000010d600000, 0x000000010d500000| Untracked 
| 214|0x000000010d600000, 0x000000010d700000, 0x000000010d700000|100%| O|  |TAMS 0x000000010d700000, 0x000000010d600000| Untracked 
| 215|0x000000010d700000, 0x000000010d800000, 0x000000010d800000|100%| O|  |TAMS 0x000000010d800000, 0x000000010d700000| Untracked 
| 216|0x000000010d800000, 0x000000010d900000, 0x000000010d900000|100%| O|  |TAMS 0x000000010d900000, 0x000000010d800000| Untracked 
| 217|0x000000010d900000, 0x000000010da00000, 0x000000010da00000|100%| O|  |TAMS 0x000000010da00000, 0x000000010d900000| Untracked 
| 218|0x000000010da00000, 0x000000010db00000, 0x000000010db00000|100%| O|  |TAMS 0x000000010db00000, 0x000000010da00000| Untracked 
| 219|0x000000010db00000, 0x000000010dc00000, 0x000000010dc00000|100%| O|  |TAMS 0x000000010dc00000, 0x000000010db00000| Untracked 
| 220|0x000000010dc00000, 0x000000010dd00000, 0x000000010dd00000|100%| O|  |TAMS 0x000000010dd00000, 0x000000010dc00000| Untracked 
| 221|0x000000010dd00000, 0x000000010de00000, 0x000000010de00000|100%| O|  |TAMS 0x000000010de00000, 0x000000010dd00000| Untracked 
| 222|0x000000010de00000, 0x000000010df00000, 0x000000010df00000|100%| O|  |TAMS 0x000000010df00000, 0x000000010de00000| Untracked 
| 223|0x000000010df00000, 0x000000010e000000, 0x000000010e000000|100%|HS|  |TAMS 0x000000010e000000, 0x000000010df00000| Complete 
| 224|0x000000010e000000, 0x000000010e100000, 0x000000010e100000|100%|HC|  |TAMS 0x000000010e100000, 0x000000010e000000| Complete 
| 225|0x000000010e100000, 0x000000010e200000, 0x000000010e200000|100%| O|  |TAMS 0x000000010e200000, 0x000000010e100000| Untracked 
| 226|0x000000010e200000, 0x000000010e300000, 0x000000010e300000|100%| O|  |TAMS 0x000000010e300000, 0x000000010e200000| Untracked 
| 227|0x000000010e300000, 0x000000010e400000, 0x000000010e400000|100%| O|  |TAMS 0x000000010e400000, 0x000000010e300000| Untracked 
| 228|0x000000010e400000, 0x000000010e400000, 0x000000010e500000|  0%| F|  |TAMS 0x000000010e400000, 0x000000010e400000| Untracked 
| 229|0x000000010e500000, 0x000000010e600000, 0x000000010e600000|100%|HS|  |TAMS 0x000000010e600000, 0x000000010e500000| Complete 
| 230|0x000000010e600000, 0x000000010e700000, 0x000000010e700000|100%|HS|  |TAMS 0x000000010e700000, 0x000000010e600000| Complete 
| 231|0x000000010e700000, 0x000000010e800000, 0x000000010e800000|100%|HS|  |TAMS 0x000000010e800000, 0x000000010e700000| Complete 
| 232|0x000000010e800000, 0x000000010e900000, 0x000000010e900000|100%| O|  |TAMS 0x000000010e900000, 0x000000010e800000| Untracked 
| 233|0x000000010e900000, 0x000000010ea00000, 0x000000010ea00000|100%| O|  |TAMS 0x000000010ea00000, 0x000000010e900000| Untracked 
| 234|0x000000010ea00000, 0x000000010eb00000, 0x000000010eb00000|100%| O|  |TAMS 0x000000010eb00000, 0x000000010ea00000| Untracked 
| 235|0x000000010eb00000, 0x000000010ec00000, 0x000000010ec00000|100%| O|  |TAMS 0x000000010ec00000, 0x000000010eb00000| Untracked 
| 236|0x000000010ec00000, 0x000000010ed00000, 0x000000010ed00000|100%| O|  |TAMS 0x000000010ed00000, 0x000000010ec00000| Untracked 
| 237|0x000000010ed00000, 0x000000010ee00000, 0x000000010ee00000|100%| O|  |TAMS 0x000000010ee00000, 0x000000010ed00000| Untracked 
| 238|0x000000010ee00000, 0x000000010ef00000, 0x000000010ef00000|100%| O|  |TAMS 0x000000010ef00000, 0x000000010ee00000| Untracked 
| 239|0x000000010ef00000, 0x000000010f000000, 0x000000010f000000|100%| O|  |TAMS 0x000000010f000000, 0x000000010ef00000| Untracked 
| 240|0x000000010f000000, 0x000000010f100000, 0x000000010f100000|100%| O|  |TAMS 0x000000010f100000, 0x000000010f000000| Untracked 
| 241|0x000000010f100000, 0x000000010f200000, 0x000000010f200000|100%| O|  |TAMS 0x000000010f200000, 0x000000010f100000| Untracked 
| 242|0x000000010f200000, 0x000000010f300000, 0x000000010f300000|100%|HS|  |TAMS 0x000000010f300000, 0x000000010f200000| Complete 
| 243|0x000000010f300000, 0x000000010f300000, 0x000000010f400000|  0%| F|  |TAMS 0x000000010f300000, 0x000000010f300000| Untracked 
| 244|0x000000010f400000, 0x000000010f500000, 0x000000010f500000|100%| O|  |TAMS 0x000000010f500000, 0x000000010f400000| Untracked 
| 245|0x000000010f500000, 0x000000010f600000, 0x000000010f600000|100%| O|  |TAMS 0x000000010f600000, 0x000000010f500000| Untracked 
| 246|0x000000010f600000, 0x000000010f700000, 0x000000010f700000|100%| O|  |TAMS 0x000000010f700000, 0x000000010f600000| Untracked 
| 247|0x000000010f700000, 0x000000010f800000, 0x000000010f800000|100%| O|  |TAMS 0x000000010f800000, 0x000000010f700000| Untracked 
| 248|0x000000010f800000, 0x000000010f800000, 0x000000010f900000|  0%| F|  |TAMS 0x000000010f800000, 0x000000010f800000| Untracked 
| 249|0x000000010f900000, 0x000000010fa00000, 0x000000010fa00000|100%| O|  |TAMS 0x000000010fa00000, 0x000000010f900000| Untracked 
| 250|0x000000010fa00000, 0x000000010fb00000, 0x000000010fb00000|100%| O|  |TAMS 0x000000010fb00000, 0x000000010fa00000| Untracked 
| 251|0x000000010fb00000, 0x000000010fc00000, 0x000000010fc00000|100%| O|  |TAMS 0x000000010fc00000, 0x000000010fb00000| Untracked 
| 252|0x000000010fc00000, 0x000000010fd00000, 0x000000010fd00000|100%| O|  |TAMS 0x000000010fd00000, 0x000000010fc00000| Untracked 
| 253|0x000000010fd00000, 0x000000010fe00000, 0x000000010fe00000|100%| O|  |TAMS 0x000000010fe00000, 0x000000010fd00000| Untracked 
| 254|0x000000010fe00000, 0x000000010fe00000, 0x000000010ff00000|  0%| F|  |TAMS 0x000000010fe00000, 0x000000010fe00000| Untracked 
| 255|0x000000010ff00000, 0x000000010ff00000, 0x0000000110000000|  0%| F|  |TAMS 0x000000010ff00000, 0x000000010ff00000| Untracked 
| 256|0x0000000110000000, 0x0000000110100000, 0x0000000110100000|100%| O|  |TAMS 0x0000000110000000, 0x0000000110000000| Untracked 
| 257|0x0000000110100000, 0x0000000110200000, 0x0000000110200000|100%| O|  |TAMS 0x0000000110200000, 0x0000000110100000| Untracked 
| 258|0x0000000110200000, 0x0000000110300000, 0x0000000110300000|100%| O|  |TAMS 0x0000000110300000, 0x0000000110200000| Untracked 
| 259|0x0000000110300000, 0x0000000110400000, 0x0000000110400000|100%| O|  |TAMS 0x0000000110400000, 0x0000000110300000| Untracked 
| 260|0x0000000110400000, 0x0000000110500000, 0x0000000110500000|100%| O|  |TAMS 0x0000000110500000, 0x0000000110400000| Untracked 
| 261|0x0000000110500000, 0x0000000110600000, 0x0000000110600000|100%| O|  |TAMS 0x0000000110600000, 0x0000000110500000| Untracked 
| 262|0x0000000110600000, 0x0000000110700000, 0x0000000110700000|100%| O|  |TAMS 0x0000000110700000, 0x0000000110600000| Untracked 
| 263|0x0000000110700000, 0x0000000110700000, 0x0000000110800000|  0%| F|  |TAMS 0x0000000110700000, 0x0000000110700000| Untracked 
| 264|0x0000000110800000, 0x0000000110900000, 0x0000000110900000|100%| O|  |TAMS 0x0000000110900000, 0x0000000110800000| Untracked 
| 265|0x0000000110900000, 0x0000000110a00000, 0x0000000110a00000|100%| O|  |TAMS 0x0000000110a00000, 0x0000000110900000| Untracked 
| 266|0x0000000110a00000, 0x0000000110b00000, 0x0000000110b00000|100%| O|  |TAMS 0x0000000110b00000, 0x0000000110a00000| Untracked 
| 267|0x0000000110b00000, 0x0000000110c00000, 0x0000000110c00000|100%| O|  |TAMS 0x0000000110c00000, 0x0000000110b00000| Untracked 
| 268|0x0000000110c00000, 0x0000000110d00000, 0x0000000110d00000|100%| O|  |TAMS 0x0000000110d00000, 0x0000000110c00000| Untracked 
| 269|0x0000000110d00000, 0x0000000110e00000, 0x0000000110e00000|100%| O|  |TAMS 0x0000000110e00000, 0x0000000110d00000| Untracked 
| 270|0x0000000110e00000, 0x0000000110f00000, 0x0000000110f00000|100%| O|  |TAMS 0x0000000110f00000, 0x0000000110e00000| Untracked 
| 271|0x0000000110f00000, 0x0000000111000000, 0x0000000111000000|100%| O|  |TAMS 0x0000000111000000, 0x0000000110f00000| Untracked 
| 272|0x0000000111000000, 0x0000000111100000, 0x0000000111100000|100%| O|  |TAMS 0x0000000111100000, 0x0000000111000000| Untracked 
| 273|0x0000000111100000, 0x0000000111200000, 0x0000000111200000|100%| O|  |TAMS 0x0000000111200000, 0x0000000111100000| Untracked 
| 274|0x0000000111200000, 0x0000000111300000, 0x0000000111300000|100%| O|  |TAMS 0x0000000111300000, 0x0000000111200000| Untracked 
| 275|0x0000000111300000, 0x0000000111300000, 0x0000000111400000|  0%| F|  |TAMS 0x0000000111300000, 0x0000000111300000| Untracked 
| 276|0x0000000111400000, 0x0000000111500000, 0x0000000111500000|100%| O|  |TAMS 0x0000000111500000, 0x0000000111400000| Untracked 
| 277|0x0000000111500000, 0x0000000111600000, 0x0000000111600000|100%| O|  |TAMS 0x0000000111600000, 0x0000000111500000| Untracked 
| 278|0x0000000111600000, 0x0000000111700000, 0x0000000111700000|100%| O|  |TAMS 0x0000000111700000, 0x0000000111600000| Untracked 
| 279|0x0000000111700000, 0x0000000111800000, 0x0000000111800000|100%| O|  |TAMS 0x0000000111800000, 0x0000000111700000| Untracked 
| 280|0x0000000111800000, 0x0000000111900000, 0x0000000111900000|100%| O|  |TAMS 0x0000000111900000, 0x0000000111800000| Untracked 
| 281|0x0000000111900000, 0x0000000111a00000, 0x0000000111a00000|100%| O|  |TAMS 0x0000000111a00000, 0x0000000111900000| Untracked 
| 282|0x0000000111a00000, 0x0000000111b00000, 0x0000000111b00000|100%| O|  |TAMS 0x0000000111b00000, 0x0000000111a00000| Untracked 
| 283|0x0000000111b00000, 0x0000000111c00000, 0x0000000111c00000|100%| O|  |TAMS 0x0000000111c00000, 0x0000000111b00000| Untracked 
| 284|0x0000000111c00000, 0x0000000111d00000, 0x0000000111d00000|100%| O|  |TAMS 0x0000000111d00000, 0x0000000111c00000| Untracked 
| 285|0x0000000111d00000, 0x0000000111e00000, 0x0000000111e00000|100%| O|  |TAMS 0x0000000111e00000, 0x0000000111d00000| Untracked 
| 286|0x0000000111e00000, 0x0000000111f00000, 0x0000000111f00000|100%| O|  |TAMS 0x0000000111f00000, 0x0000000111e00000| Untracked 
| 287|0x0000000111f00000, 0x0000000112000000, 0x0000000112000000|100%| O|  |TAMS 0x0000000112000000, 0x0000000111f00000| Untracked 
| 288|0x0000000112000000, 0x0000000112100000, 0x0000000112100000|100%| O|  |TAMS 0x0000000112100000, 0x0000000112000000| Untracked 
| 289|0x0000000112100000, 0x0000000112200000, 0x0000000112200000|100%| O|  |TAMS 0x0000000112200000, 0x0000000112100000| Untracked 
| 290|0x0000000112200000, 0x0000000112300000, 0x0000000112300000|100%| O|  |TAMS 0x0000000112300000, 0x0000000112200000| Untracked 
| 291|0x0000000112300000, 0x0000000112400000, 0x0000000112400000|100%| O|  |TAMS 0x0000000112400000, 0x0000000112300000| Untracked 
| 292|0x0000000112400000, 0x0000000112500000, 0x0000000112500000|100%|HS|  |TAMS 0x0000000112500000, 0x0000000112400000| Complete 
| 293|0x0000000112500000, 0x0000000112600000, 0x0000000112600000|100%|HC|  |TAMS 0x0000000112600000, 0x0000000112500000| Complete 
| 294|0x0000000112600000, 0x0000000112700000, 0x0000000112700000|100%|HC|  |TAMS 0x0000000112700000, 0x0000000112600000| Complete 
| 295|0x0000000112700000, 0x0000000112800000, 0x0000000112800000|100%|HC|  |TAMS 0x0000000112800000, 0x0000000112700000| Complete 
| 296|0x0000000112800000, 0x0000000112900000, 0x0000000112900000|100%| O|  |TAMS 0x0000000112900000, 0x0000000112800000| Untracked 
| 297|0x0000000112900000, 0x0000000112a00000, 0x0000000112a00000|100%| O|  |TAMS 0x0000000112a00000, 0x0000000112900000| Untracked 
| 298|0x0000000112a00000, 0x0000000112b00000, 0x0000000112b00000|100%| O|  |TAMS 0x0000000112b00000, 0x0000000112a00000| Untracked 
| 299|0x0000000112b00000, 0x0000000112c00000, 0x0000000112c00000|100%| O|  |TAMS 0x0000000112c00000, 0x0000000112b00000| Untracked 
| 300|0x0000000112c00000, 0x0000000112d00000, 0x0000000112d00000|100%| O|  |TAMS 0x0000000112d00000, 0x0000000112c00000| Untracked 
| 301|0x0000000112d00000, 0x0000000112e00000, 0x0000000112e00000|100%| O|  |TAMS 0x0000000112e00000, 0x0000000112d00000| Untracked 
| 302|0x0000000112e00000, 0x0000000112f00000, 0x0000000112f00000|100%| O|  |TAMS 0x0000000112f00000, 0x0000000112e00000| Untracked 
| 303|0x0000000112f00000, 0x0000000112f00000, 0x0000000113000000|  0%| F|  |TAMS 0x0000000112f00000, 0x0000000112f00000| Untracked 
| 304|0x0000000113000000, 0x0000000113100000, 0x0000000113100000|100%| O|  |TAMS 0x0000000113000000, 0x0000000113000000| Untracked 
| 305|0x0000000113100000, 0x0000000113200000, 0x0000000113200000|100%| O|  |TAMS 0x0000000113100000, 0x0000000113100000| Untracked 
| 306|0x0000000113200000, 0x0000000113300000, 0x0000000113300000|100%| O|  |TAMS 0x0000000113300000, 0x0000000113200000| Untracked 
| 307|0x0000000113300000, 0x0000000113400000, 0x0000000113400000|100%| O|  |TAMS 0x0000000113400000, 0x0000000113300000| Untracked 
| 308|0x0000000113400000, 0x0000000113400000, 0x0000000113500000|  0%| F|  |TAMS 0x0000000113400000, 0x0000000113400000| Untracked 
| 309|0x0000000113500000, 0x0000000113500000, 0x0000000113600000|  0%| F|  |TAMS 0x0000000113500000, 0x0000000113500000| Untracked 
| 310|0x0000000113600000, 0x0000000113600000, 0x0000000113700000|  0%| F|  |TAMS 0x0000000113600000, 0x0000000113600000| Untracked 
| 311|0x0000000113700000, 0x0000000113800000, 0x0000000113800000|100%| O|  |TAMS 0x00000001137aea00, 0x0000000113700000| Untracked 
| 312|0x0000000113800000, 0x0000000113900000, 0x0000000113900000|100%| O|  |TAMS 0x0000000113800000, 0x0000000113800000| Untracked 
| 313|0x0000000113900000, 0x00000001139f2600, 0x0000000113a00000| 94%| O|  |TAMS 0x0000000113900000, 0x0000000113900000| Untracked 
| 314|0x0000000113a00000, 0x0000000113a00000, 0x0000000113b00000|  0%| F|  |TAMS 0x0000000113a00000, 0x0000000113a00000| Untracked 
| 315|0x0000000113b00000, 0x0000000113b00000, 0x0000000113c00000|  0%| F|  |TAMS 0x0000000113b00000, 0x0000000113b00000| Untracked 
| 316|0x0000000113c00000, 0x0000000113c00000, 0x0000000113d00000|  0%| F|  |TAMS 0x0000000113c00000, 0x0000000113c00000| Untracked 
| 317|0x0000000113d00000, 0x0000000113d00000, 0x0000000113e00000|  0%| F|  |TAMS 0x0000000113d00000, 0x0000000113d00000| Untracked 
| 318|0x0000000113e00000, 0x0000000113e00000, 0x0000000113f00000|  0%| F|  |TAMS 0x0000000113e00000, 0x0000000113e00000| Untracked 
| 319|0x0000000113f00000, 0x0000000114000000, 0x0000000114000000|100%|HS|  |TAMS 0x0000000113f00000, 0x0000000113f00000| Complete 
| 320|0x0000000114000000, 0x0000000114100000, 0x0000000114100000|100%|HC|  |TAMS 0x0000000114000000, 0x0000000114000000| Complete 
| 321|0x0000000114100000, 0x0000000114200000, 0x0000000114200000|100%|HC|  |TAMS 0x0000000114100000, 0x0000000114100000| Complete 
| 322|0x0000000114200000, 0x0000000114300000, 0x0000000114300000|100%|HC|  |TAMS 0x0000000114200000, 0x0000000114200000| Complete 
| 323|0x0000000114300000, 0x0000000114400000, 0x0000000114400000|100%|HC|  |TAMS 0x0000000114300000, 0x0000000114300000| Complete 
| 324|0x0000000114400000, 0x0000000114500000, 0x0000000114500000|100%|HC|  |TAMS 0x0000000114400000, 0x0000000114400000| Complete 
| 325|0x0000000114500000, 0x0000000114600000, 0x0000000114600000|100%|HC|  |TAMS 0x0000000114500000, 0x0000000114500000| Complete 
| 326|0x0000000114600000, 0x0000000114700000, 0x0000000114700000|100%|HS|  |TAMS 0x0000000114600000, 0x0000000114600000| Complete 
| 327|0x0000000114700000, 0x0000000114800000, 0x0000000114800000|100%|HC|  |TAMS 0x0000000114700000, 0x0000000114700000| Complete 
| 328|0x0000000114800000, 0x0000000114800000, 0x0000000114900000|  0%| F|  |TAMS 0x0000000114800000, 0x0000000114800000| Untracked 
| 329|0x0000000114900000, 0x0000000114900000, 0x0000000114a00000|  0%| F|  |TAMS 0x0000000114900000, 0x0000000114900000| Untracked 
| 330|0x0000000114a00000, 0x0000000114a00000, 0x0000000114b00000|  0%| F|  |TAMS 0x0000000114a00000, 0x0000000114a00000| Untracked 
| 331|0x0000000114b00000, 0x0000000114b00000, 0x0000000114c00000|  0%| F|  |TAMS 0x0000000114b00000, 0x0000000114b00000| Untracked 
| 332|0x0000000114c00000, 0x0000000114c00000, 0x0000000114d00000|  0%| F|  |TAMS 0x0000000114c00000, 0x0000000114c00000| Untracked 
| 333|0x0000000114d00000, 0x0000000114d00000, 0x0000000114e00000|  0%| F|  |TAMS 0x0000000114d00000, 0x0000000114d00000| Untracked 
| 334|0x0000000114e00000, 0x0000000114e00000, 0x0000000114f00000|  0%| F|  |TAMS 0x0000000114e00000, 0x0000000114e00000| Untracked 
| 335|0x0000000114f00000, 0x0000000114f00000, 0x0000000115000000|  0%| F|  |TAMS 0x0000000114f00000, 0x0000000114f00000| Untracked 
| 336|0x0000000115000000, 0x0000000115000000, 0x0000000115100000|  0%| F|  |TAMS 0x0000000115000000, 0x0000000115000000| Untracked 
| 337|0x0000000115100000, 0x0000000115100000, 0x0000000115200000|  0%| F|  |TAMS 0x0000000115100000, 0x0000000115100000| Untracked 
| 338|0x0000000115200000, 0x0000000115200000, 0x0000000115300000|  0%| F|  |TAMS 0x0000000115200000, 0x0000000115200000| Untracked 
| 339|0x0000000115300000, 0x0000000115300000, 0x0000000115400000|  0%| F|  |TAMS 0x0000000115300000, 0x0000000115300000| Untracked 
| 340|0x0000000115400000, 0x0000000115400000, 0x0000000115500000|  0%| F|  |TAMS 0x0000000115400000, 0x0000000115400000| Untracked 
| 341|0x0000000115500000, 0x0000000115500000, 0x0000000115600000|  0%| F|  |TAMS 0x0000000115500000, 0x0000000115500000| Untracked 
| 342|0x0000000115600000, 0x0000000115600000, 0x0000000115700000|  0%| F|  |TAMS 0x0000000115600000, 0x0000000115600000| Untracked 
| 343|0x0000000115700000, 0x0000000115700000, 0x0000000115800000|  0%| F|  |TAMS 0x0000000115700000, 0x0000000115700000| Untracked 
| 344|0x0000000115800000, 0x0000000115800000, 0x0000000115900000|  0%| F|  |TAMS 0x0000000115800000, 0x0000000115800000| Untracked 
| 345|0x0000000115900000, 0x0000000115900000, 0x0000000115a00000|  0%| F|  |TAMS 0x0000000115900000, 0x0000000115900000| Untracked 
| 346|0x0000000115a00000, 0x0000000115a00000, 0x0000000115b00000|  0%| F|  |TAMS 0x0000000115a00000, 0x0000000115a00000| Untracked 
| 347|0x0000000115b00000, 0x0000000115b00000, 0x0000000115c00000|  0%| F|  |TAMS 0x0000000115b00000, 0x0000000115b00000| Untracked 
| 348|0x0000000115c00000, 0x0000000115c00000, 0x0000000115d00000|  0%| F|  |TAMS 0x0000000115c00000, 0x0000000115c00000| Untracked 
| 349|0x0000000115d00000, 0x0000000115d00000, 0x0000000115e00000|  0%| F|  |TAMS 0x0000000115d00000, 0x0000000115d00000| Untracked 
| 350|0x0000000115e00000, 0x0000000115e00000, 0x0000000115f00000|  0%| F|  |TAMS 0x0000000115e00000, 0x0000000115e00000| Untracked 
| 351|0x0000000115f00000, 0x0000000115f00000, 0x0000000116000000|  0%| F|  |TAMS 0x0000000115f00000, 0x0000000115f00000| Untracked 
| 352|0x0000000116000000, 0x0000000116000000, 0x0000000116100000|  0%| F|  |TAMS 0x0000000116000000, 0x0000000116000000| Untracked 
| 353|0x0000000116100000, 0x0000000116100000, 0x0000000116200000|  0%| F|  |TAMS 0x0000000116100000, 0x0000000116100000| Untracked 
| 354|0x0000000116200000, 0x0000000116200000, 0x0000000116300000|  0%| F|  |TAMS 0x0000000116200000, 0x0000000116200000| Untracked 
| 355|0x0000000116300000, 0x0000000116300000, 0x0000000116400000|  0%| F|  |TAMS 0x0000000116300000, 0x0000000116300000| Untracked 
| 356|0x0000000116400000, 0x0000000116400000, 0x0000000116500000|  0%| F|  |TAMS 0x0000000116400000, 0x0000000116400000| Untracked 
| 357|0x0000000116500000, 0x0000000116500000, 0x0000000116600000|  0%| F|  |TAMS 0x0000000116500000, 0x0000000116500000| Untracked 
| 358|0x0000000116600000, 0x0000000116600000, 0x0000000116700000|  0%| F|  |TAMS 0x0000000116600000, 0x0000000116600000| Untracked 
| 359|0x0000000116700000, 0x0000000116700000, 0x0000000116800000|  0%| F|  |TAMS 0x0000000116700000, 0x0000000116700000| Untracked 
| 360|0x0000000116800000, 0x0000000116800000, 0x0000000116900000|  0%| F|  |TAMS 0x0000000116800000, 0x0000000116800000| Untracked 
| 361|0x0000000116900000, 0x0000000116900000, 0x0000000116a00000|  0%| F|  |TAMS 0x0000000116900000, 0x0000000116900000| Untracked 
| 362|0x0000000116a00000, 0x0000000116a00000, 0x0000000116b00000|  0%| F|  |TAMS 0x0000000116a00000, 0x0000000116a00000| Untracked 
| 363|0x0000000116b00000, 0x0000000116b00000, 0x0000000116c00000|  0%| F|  |TAMS 0x0000000116b00000, 0x0000000116b00000| Untracked 
| 364|0x0000000116c00000, 0x0000000116c00000, 0x0000000116d00000|  0%| F|  |TAMS 0x0000000116c00000, 0x0000000116c00000| Untracked 
| 365|0x0000000116d00000, 0x0000000116d00000, 0x0000000116e00000|  0%| F|  |TAMS 0x0000000116d00000, 0x0000000116d00000| Untracked 
| 366|0x0000000116e00000, 0x0000000116e00000, 0x0000000116f00000|  0%| F|  |TAMS 0x0000000116e00000, 0x0000000116e00000| Untracked 
| 367|0x0000000116f00000, 0x0000000116f00000, 0x0000000117000000|  0%| F|  |TAMS 0x0000000116f00000, 0x0000000116f00000| Untracked 
| 368|0x0000000117000000, 0x0000000117000000, 0x0000000117100000|  0%| F|  |TAMS 0x0000000117000000, 0x0000000117000000| Untracked 
| 369|0x0000000117100000, 0x0000000117100000, 0x0000000117200000|  0%| F|  |TAMS 0x0000000117100000, 0x0000000117100000| Untracked 
| 370|0x0000000117200000, 0x0000000117200000, 0x0000000117300000|  0%| F|  |TAMS 0x0000000117200000, 0x0000000117200000| Untracked 
| 371|0x0000000117300000, 0x0000000117300000, 0x0000000117400000|  0%| F|  |TAMS 0x0000000117300000, 0x0000000117300000| Untracked 
| 372|0x0000000117400000, 0x0000000117400000, 0x0000000117500000|  0%| F|  |TAMS 0x0000000117400000, 0x0000000117400000| Untracked 
| 373|0x0000000117500000, 0x0000000117500000, 0x0000000117600000|  0%| F|  |TAMS 0x0000000117500000, 0x0000000117500000| Untracked 
| 374|0x0000000117600000, 0x0000000117600000, 0x0000000117700000|  0%| F|  |TAMS 0x0000000117600000, 0x0000000117600000| Untracked 
| 375|0x0000000117700000, 0x0000000117700000, 0x0000000117800000|  0%| F|  |TAMS 0x0000000117700000, 0x0000000117700000| Untracked 
| 376|0x0000000117800000, 0x0000000117800000, 0x0000000117900000|  0%| F|  |TAMS 0x0000000117800000, 0x0000000117800000| Untracked 
| 377|0x0000000117900000, 0x0000000117900000, 0x0000000117a00000|  0%| F|  |TAMS 0x0000000117900000, 0x0000000117900000| Untracked 
| 378|0x0000000117a00000, 0x0000000117a00000, 0x0000000117b00000|  0%| F|  |TAMS 0x0000000117a00000, 0x0000000117a00000| Untracked 
| 379|0x0000000117b00000, 0x0000000117b00000, 0x0000000117c00000|  0%| F|  |TAMS 0x0000000117b00000, 0x0000000117b00000| Untracked 
| 380|0x0000000117c00000, 0x0000000117c00000, 0x0000000117d00000|  0%| F|  |TAMS 0x0000000117c00000, 0x0000000117c00000| Untracked 
| 381|0x0000000117d00000, 0x0000000117d00000, 0x0000000117e00000|  0%| F|  |TAMS 0x0000000117d00000, 0x0000000117d00000| Untracked 
| 382|0x0000000117e00000, 0x0000000117e00000, 0x0000000117f00000|  0%| F|  |TAMS 0x0000000117e00000, 0x0000000117e00000| Untracked 
| 383|0x0000000117f00000, 0x0000000117f00000, 0x0000000118000000|  0%| F|  |TAMS 0x0000000117f00000, 0x0000000117f00000| Untracked 
| 384|0x0000000118000000, 0x0000000118000000, 0x0000000118100000|  0%| F|  |TAMS 0x0000000118000000, 0x0000000118000000| Untracked 
| 385|0x0000000118100000, 0x00000001181e85d0, 0x0000000118200000| 90%| S|CS|TAMS 0x0000000118100000, 0x0000000118100000| Complete 
| 386|0x0000000118200000, 0x0000000118300000, 0x0000000118300000|100%| S|CS|TAMS 0x0000000118200000, 0x0000000118200000| Complete 
| 387|0x0000000118300000, 0x0000000118400000, 0x0000000118400000|100%| S|CS|TAMS 0x0000000118300000, 0x0000000118300000| Complete 
| 388|0x0000000118400000, 0x0000000118500000, 0x0000000118500000|100%| S|CS|TAMS 0x0000000118400000, 0x0000000118400000| Complete 
| 389|0x0000000118500000, 0x0000000118600000, 0x0000000118600000|100%| S|CS|TAMS 0x0000000118500000, 0x0000000118500000| Complete 
| 390|0x0000000118600000, 0x0000000118700000, 0x0000000118700000|100%| S|CS|TAMS 0x0000000118600000, 0x0000000118600000| Complete 
| 391|0x0000000118700000, 0x0000000118800000, 0x0000000118800000|100%| S|CS|TAMS 0x0000000118700000, 0x0000000118700000| Complete 
| 392|0x0000000118800000, 0x0000000118900000, 0x0000000118900000|100%| S|CS|TAMS 0x0000000118800000, 0x0000000118800000| Complete 
| 393|0x0000000118900000, 0x0000000118a00000, 0x0000000118a00000|100%| S|CS|TAMS 0x0000000118900000, 0x0000000118900000| Complete 
| 394|0x0000000118a00000, 0x0000000118b00000, 0x0000000118b00000|100%| S|CS|TAMS 0x0000000118a00000, 0x0000000118a00000| Complete 
| 395|0x0000000118b00000, 0x0000000118c00000, 0x0000000118c00000|100%| S|CS|TAMS 0x0000000118b00000, 0x0000000118b00000| Complete 
| 396|0x0000000118c00000, 0x0000000118d00000, 0x0000000118d00000|100%| S|CS|TAMS 0x0000000118c00000, 0x0000000118c00000| Complete 
| 397|0x0000000118d00000, 0x0000000118e00000, 0x0000000118e00000|100%| S|CS|TAMS 0x0000000118d00000, 0x0000000118d00000| Complete 
| 398|0x0000000118e00000, 0x0000000118f00000, 0x0000000118f00000|100%| S|CS|TAMS 0x0000000118e00000, 0x0000000118e00000| Complete 
| 399|0x0000000118f00000, 0x0000000119000000, 0x0000000119000000|100%| S|CS|TAMS 0x0000000118f00000, 0x0000000118f00000| Complete 
| 400|0x0000000119000000, 0x0000000119100000, 0x0000000119100000|100%| S|CS|TAMS 0x0000000119000000, 0x0000000119000000| Complete 
| 401|0x0000000119100000, 0x0000000119200000, 0x0000000119200000|100%| S|CS|TAMS 0x0000000119100000, 0x0000000119100000| Complete 
| 402|0x0000000119200000, 0x0000000119200000, 0x0000000119300000|  0%| F|  |TAMS 0x0000000119200000, 0x0000000119200000| Untracked 
| 403|0x0000000119300000, 0x0000000119300000, 0x0000000119400000|  0%| F|  |TAMS 0x0000000119300000, 0x0000000119300000| Untracked 
| 404|0x0000000119400000, 0x0000000119400000, 0x0000000119500000|  0%| F|  |TAMS 0x0000000119400000, 0x0000000119400000| Untracked 
| 405|0x0000000119500000, 0x0000000119500000, 0x0000000119600000|  0%| F|  |TAMS 0x0000000119500000, 0x0000000119500000| Untracked 
| 406|0x0000000119600000, 0x0000000119600000, 0x0000000119700000|  0%| F|  |TAMS 0x0000000119600000, 0x0000000119600000| Untracked 
| 407|0x0000000119700000, 0x0000000119700000, 0x0000000119800000|  0%| F|  |TAMS 0x0000000119700000, 0x0000000119700000| Untracked 
| 408|0x0000000119800000, 0x0000000119800000, 0x0000000119900000|  0%| F|  |TAMS 0x0000000119800000, 0x0000000119800000| Untracked 
| 409|0x0000000119900000, 0x0000000119900000, 0x0000000119a00000|  0%| F|  |TAMS 0x0000000119900000, 0x0000000119900000| Untracked 
| 410|0x0000000119a00000, 0x0000000119a00000, 0x0000000119b00000|  0%| F|  |TAMS 0x0000000119a00000, 0x0000000119a00000| Untracked 
| 411|0x0000000119b00000, 0x0000000119b00000, 0x0000000119c00000|  0%| F|  |TAMS 0x0000000119b00000, 0x0000000119b00000| Untracked 
| 412|0x0000000119c00000, 0x0000000119c00000, 0x0000000119d00000|  0%| F|  |TAMS 0x0000000119c00000, 0x0000000119c00000| Untracked 
| 413|0x0000000119d00000, 0x0000000119d00000, 0x0000000119e00000|  0%| F|  |TAMS 0x0000000119d00000, 0x0000000119d00000| Untracked 
| 414|0x0000000119e00000, 0x0000000119e00000, 0x0000000119f00000|  0%| F|  |TAMS 0x0000000119e00000, 0x0000000119e00000| Untracked 
| 415|0x0000000119f00000, 0x0000000119f00000, 0x000000011a000000|  0%| F|  |TAMS 0x0000000119f00000, 0x0000000119f00000| Untracked 
| 416|0x000000011a000000, 0x000000011a000000, 0x000000011a100000|  0%| F|  |TAMS 0x000000011a000000, 0x000000011a000000| Untracked 
| 417|0x000000011a100000, 0x000000011a100000, 0x000000011a200000|  0%| F|  |TAMS 0x000000011a100000, 0x000000011a100000| Untracked 
| 418|0x000000011a200000, 0x000000011a200000, 0x000000011a300000|  0%| F|  |TAMS 0x000000011a200000, 0x000000011a200000| Untracked 
| 419|0x000000011a300000, 0x000000011a300000, 0x000000011a400000|  0%| F|  |TAMS 0x000000011a300000, 0x000000011a300000| Untracked 
| 420|0x000000011a400000, 0x000000011a400000, 0x000000011a500000|  0%| F|  |TAMS 0x000000011a400000, 0x000000011a400000| Untracked 
| 421|0x000000011a500000, 0x000000011a500000, 0x000000011a600000|  0%| F|  |TAMS 0x000000011a500000, 0x000000011a500000| Untracked 
| 422|0x000000011a600000, 0x000000011a600000, 0x000000011a700000|  0%| F|  |TAMS 0x000000011a600000, 0x000000011a600000| Untracked 
| 423|0x000000011a700000, 0x000000011a700000, 0x000000011a800000|  0%| F|  |TAMS 0x000000011a700000, 0x000000011a700000| Untracked 
| 424|0x000000011a800000, 0x000000011a800000, 0x000000011a900000|  0%| F|  |TAMS 0x000000011a800000, 0x000000011a800000| Untracked 
| 425|0x000000011a900000, 0x000000011a900000, 0x000000011aa00000|  0%| F|  |TAMS 0x000000011a900000, 0x000000011a900000| Untracked 
| 426|0x000000011aa00000, 0x000000011aa00000, 0x000000011ab00000|  0%| F|  |TAMS 0x000000011aa00000, 0x000000011aa00000| Untracked 
| 427|0x000000011ab00000, 0x000000011ab00000, 0x000000011ac00000|  0%| F|  |TAMS 0x000000011ab00000, 0x000000011ab00000| Untracked 
| 428|0x000000011ac00000, 0x000000011ac00000, 0x000000011ad00000|  0%| F|  |TAMS 0x000000011ac00000, 0x000000011ac00000| Untracked 
| 429|0x000000011ad00000, 0x000000011ad00000, 0x000000011ae00000|  0%| F|  |TAMS 0x000000011ad00000, 0x000000011ad00000| Untracked 
| 430|0x000000011ae00000, 0x000000011ae00000, 0x000000011af00000|  0%| F|  |TAMS 0x000000011ae00000, 0x000000011ae00000| Untracked 
| 431|0x000000011af00000, 0x000000011af00000, 0x000000011b000000|  0%| F|  |TAMS 0x000000011af00000, 0x000000011af00000| Untracked 
| 432|0x000000011b000000, 0x000000011b000000, 0x000000011b100000|  0%| F|  |TAMS 0x000000011b000000, 0x000000011b000000| Untracked 
| 433|0x000000011b100000, 0x000000011b100000, 0x000000011b200000|  0%| F|  |TAMS 0x000000011b100000, 0x000000011b100000| Untracked 
| 434|0x000000011b200000, 0x000000011b200000, 0x000000011b300000|  0%| F|  |TAMS 0x000000011b200000, 0x000000011b200000| Untracked 
| 435|0x000000011b300000, 0x000000011b300000, 0x000000011b400000|  0%| F|  |TAMS 0x000000011b300000, 0x000000011b300000| Untracked 
| 436|0x000000011b400000, 0x000000011b400000, 0x000000011b500000|  0%| F|  |TAMS 0x000000011b400000, 0x000000011b400000| Untracked 
| 437|0x000000011b500000, 0x000000011b500000, 0x000000011b600000|  0%| F|  |TAMS 0x000000011b500000, 0x000000011b500000| Untracked 
| 438|0x000000011b600000, 0x000000011b600000, 0x000000011b700000|  0%| F|  |TAMS 0x000000011b600000, 0x000000011b600000| Untracked 
| 439|0x000000011b700000, 0x000000011b700000, 0x000000011b800000|  0%| F|  |TAMS 0x000000011b700000, 0x000000011b700000| Untracked 
| 440|0x000000011b800000, 0x000000011b800000, 0x000000011b900000|  0%| F|  |TAMS 0x000000011b800000, 0x000000011b800000| Untracked 
| 441|0x000000011b900000, 0x000000011b900000, 0x000000011ba00000|  0%| F|  |TAMS 0x000000011b900000, 0x000000011b900000| Untracked 
| 442|0x000000011ba00000, 0x000000011ba00000, 0x000000011bb00000|  0%| F|  |TAMS 0x000000011ba00000, 0x000000011ba00000| Untracked 
| 443|0x000000011bb00000, 0x000000011bb00000, 0x000000011bc00000|  0%| F|  |TAMS 0x000000011bb00000, 0x000000011bb00000| Untracked 
| 444|0x000000011bc00000, 0x000000011bc00000, 0x000000011bd00000|  0%| F|  |TAMS 0x000000011bc00000, 0x000000011bc00000| Untracked 
| 445|0x000000011bd00000, 0x000000011bd00000, 0x000000011be00000|  0%| F|  |TAMS 0x000000011bd00000, 0x000000011bd00000| Untracked 
| 446|0x000000011be00000, 0x000000011be00000, 0x000000011bf00000|  0%| F|  |TAMS 0x000000011be00000, 0x000000011be00000| Untracked 
| 447|0x000000011bf00000, 0x000000011bf00000, 0x000000011c000000|  0%| F|  |TAMS 0x000000011bf00000, 0x000000011bf00000| Untracked 
| 448|0x000000011c000000, 0x000000011c000000, 0x000000011c100000|  0%| F|  |TAMS 0x000000011c000000, 0x000000011c000000| Untracked 
| 449|0x000000011c100000, 0x000000011c100000, 0x000000011c200000|  0%| F|  |TAMS 0x000000011c100000, 0x000000011c100000| Untracked 
| 450|0x000000011c200000, 0x000000011c200000, 0x000000011c300000|  0%| F|  |TAMS 0x000000011c200000, 0x000000011c200000| Untracked 
| 451|0x000000011c300000, 0x000000011c300000, 0x000000011c400000|  0%| F|  |TAMS 0x000000011c300000, 0x000000011c300000| Untracked 
| 452|0x000000011c400000, 0x000000011c400000, 0x000000011c500000|  0%| F|  |TAMS 0x000000011c400000, 0x000000011c400000| Untracked 
| 453|0x000000011c500000, 0x000000011c500000, 0x000000011c600000|  0%| F|  |TAMS 0x000000011c500000, 0x000000011c500000| Untracked 
| 454|0x000000011c600000, 0x000000011c600000, 0x000000011c700000|  0%| F|  |TAMS 0x000000011c600000, 0x000000011c600000| Untracked 
| 455|0x000000011c700000, 0x000000011c700000, 0x000000011c800000|  0%| F|  |TAMS 0x000000011c700000, 0x000000011c700000| Untracked 
| 456|0x000000011c800000, 0x000000011c800000, 0x000000011c900000|  0%| F|  |TAMS 0x000000011c800000, 0x000000011c800000| Untracked 
| 457|0x000000011c900000, 0x000000011c900000, 0x000000011ca00000|  0%| F|  |TAMS 0x000000011c900000, 0x000000011c900000| Untracked 
| 458|0x000000011ca00000, 0x000000011ca00000, 0x000000011cb00000|  0%| F|  |TAMS 0x000000011ca00000, 0x000000011ca00000| Untracked 
| 459|0x000000011cb00000, 0x000000011cb00000, 0x000000011cc00000|  0%| F|  |TAMS 0x000000011cb00000, 0x000000011cb00000| Untracked 
| 460|0x000000011cc00000, 0x000000011cc00000, 0x000000011cd00000|  0%| F|  |TAMS 0x000000011cc00000, 0x000000011cc00000| Untracked 
| 461|0x000000011cd00000, 0x000000011cd00000, 0x000000011ce00000|  0%| F|  |TAMS 0x000000011cd00000, 0x000000011cd00000| Untracked 
| 462|0x000000011ce00000, 0x000000011ce00000, 0x000000011cf00000|  0%| F|  |TAMS 0x000000011ce00000, 0x000000011ce00000| Untracked 
| 463|0x000000011cf00000, 0x000000011cf00000, 0x000000011d000000|  0%| F|  |TAMS 0x000000011cf00000, 0x000000011cf00000| Untracked 
| 464|0x000000011d000000, 0x000000011d000000, 0x000000011d100000|  0%| F|  |TAMS 0x000000011d000000, 0x000000011d000000| Untracked 
| 465|0x000000011d100000, 0x000000011d100000, 0x000000011d200000|  0%| F|  |TAMS 0x000000011d100000, 0x000000011d100000| Untracked 
| 466|0x000000011d200000, 0x000000011d200000, 0x000000011d300000|  0%| F|  |TAMS 0x000000011d200000, 0x000000011d200000| Untracked 
| 467|0x000000011d300000, 0x000000011d300000, 0x000000011d400000|  0%| F|  |TAMS 0x000000011d300000, 0x000000011d300000| Untracked 
| 468|0x000000011d400000, 0x000000011d400000, 0x000000011d500000|  0%| F|  |TAMS 0x000000011d400000, 0x000000011d400000| Untracked 
| 469|0x000000011d500000, 0x000000011d500000, 0x000000011d600000|  0%| F|  |TAMS 0x000000011d500000, 0x000000011d500000| Untracked 
| 470|0x000000011d600000, 0x000000011d600000, 0x000000011d700000|  0%| F|  |TAMS 0x000000011d600000, 0x000000011d600000| Untracked 
| 471|0x000000011d700000, 0x000000011d700000, 0x000000011d800000|  0%| F|  |TAMS 0x000000011d700000, 0x000000011d700000| Untracked 
| 472|0x000000011d800000, 0x000000011d800000, 0x000000011d900000|  0%| F|  |TAMS 0x000000011d800000, 0x000000011d800000| Untracked 
| 473|0x000000011d900000, 0x000000011d900000, 0x000000011da00000|  0%| F|  |TAMS 0x000000011d900000, 0x000000011d900000| Untracked 
| 474|0x000000011da00000, 0x000000011da00000, 0x000000011db00000|  0%| F|  |TAMS 0x000000011da00000, 0x000000011da00000| Untracked 
| 475|0x000000011db00000, 0x000000011db00000, 0x000000011dc00000|  0%| F|  |TAMS 0x000000011db00000, 0x000000011db00000| Untracked 
| 476|0x000000011dc00000, 0x000000011dc00000, 0x000000011dd00000|  0%| F|  |TAMS 0x000000011dc00000, 0x000000011dc00000| Untracked 
| 477|0x000000011dd00000, 0x000000011dd00000, 0x000000011de00000|  0%| F|  |TAMS 0x000000011dd00000, 0x000000011dd00000| Untracked 
| 478|0x000000011de00000, 0x000000011de00000, 0x000000011df00000|  0%| F|  |TAMS 0x000000011de00000, 0x000000011de00000| Untracked 
| 479|0x000000011df00000, 0x000000011df00000, 0x000000011e000000|  0%| F|  |TAMS 0x000000011df00000, 0x000000011df00000| Untracked 
| 480|0x000000011e000000, 0x000000011e000000, 0x000000011e100000|  0%| F|  |TAMS 0x000000011e000000, 0x000000011e000000| Untracked 
| 481|0x000000011e100000, 0x000000011e100000, 0x000000011e200000|  0%| F|  |TAMS 0x000000011e100000, 0x000000011e100000| Untracked 
| 482|0x000000011e200000, 0x000000011e200000, 0x000000011e300000|  0%| F|  |TAMS 0x000000011e200000, 0x000000011e200000| Untracked 
| 483|0x000000011e300000, 0x000000011e300000, 0x000000011e400000|  0%| F|  |TAMS 0x000000011e300000, 0x000000011e300000| Untracked 
| 484|0x000000011e400000, 0x000000011e400000, 0x000000011e500000|  0%| F|  |TAMS 0x000000011e400000, 0x000000011e400000| Untracked 
| 485|0x000000011e500000, 0x000000011e500000, 0x000000011e600000|  0%| F|  |TAMS 0x000000011e500000, 0x000000011e500000| Untracked 
| 486|0x000000011e600000, 0x000000011e600000, 0x000000011e700000|  0%| F|  |TAMS 0x000000011e600000, 0x000000011e600000| Untracked 
| 487|0x000000011e700000, 0x000000011e700000, 0x000000011e800000|  0%| F|  |TAMS 0x000000011e700000, 0x000000011e700000| Untracked 
| 488|0x000000011e800000, 0x000000011e800000, 0x000000011e900000|  0%| F|  |TAMS 0x000000011e800000, 0x000000011e800000| Untracked 
| 489|0x000000011e900000, 0x000000011e900000, 0x000000011ea00000|  0%| F|  |TAMS 0x000000011e900000, 0x000000011e900000| Untracked 
| 490|0x000000011ea00000, 0x000000011ea00000, 0x000000011eb00000|  0%| F|  |TAMS 0x000000011ea00000, 0x000000011ea00000| Untracked 
| 491|0x000000011eb00000, 0x000000011eb00000, 0x000000011ec00000|  0%| F|  |TAMS 0x000000011eb00000, 0x000000011eb00000| Untracked 
| 492|0x000000011ec00000, 0x000000011ec00000, 0x000000011ed00000|  0%| F|  |TAMS 0x000000011ec00000, 0x000000011ec00000| Untracked 
| 493|0x000000011ed00000, 0x000000011ed00000, 0x000000011ee00000|  0%| F|  |TAMS 0x000000011ed00000, 0x000000011ed00000| Untracked 
| 494|0x000000011ee00000, 0x000000011ee00000, 0x000000011ef00000|  0%| F|  |TAMS 0x000000011ee00000, 0x000000011ee00000| Untracked 
| 495|0x000000011ef00000, 0x000000011ef00000, 0x000000011f000000|  0%| F|  |TAMS 0x000000011ef00000, 0x000000011ef00000| Untracked 
| 496|0x000000011f000000, 0x000000011f000000, 0x000000011f100000|  0%| F|  |TAMS 0x000000011f000000, 0x000000011f000000| Untracked 
| 497|0x000000011f100000, 0x000000011f100000, 0x000000011f200000|  0%| F|  |TAMS 0x000000011f100000, 0x000000011f100000| Untracked 
| 498|0x000000011f200000, 0x000000011f200000, 0x000000011f300000|  0%| F|  |TAMS 0x000000011f200000, 0x000000011f200000| Untracked 
| 499|0x000000011f300000, 0x000000011f300000, 0x000000011f400000|  0%| F|  |TAMS 0x000000011f300000, 0x000000011f300000| Untracked 
| 500|0x000000011f400000, 0x000000011f400000, 0x000000011f500000|  0%| F|  |TAMS 0x000000011f400000, 0x000000011f400000| Untracked 
| 501|0x000000011f500000, 0x000000011f500000, 0x000000011f600000|  0%| F|  |TAMS 0x000000011f500000, 0x000000011f500000| Untracked 
| 502|0x000000011f600000, 0x000000011f600000, 0x000000011f700000|  0%| F|  |TAMS 0x000000011f600000, 0x000000011f600000| Untracked 
| 503|0x000000011f700000, 0x000000011f700000, 0x000000011f800000|  0%| F|  |TAMS 0x000000011f700000, 0x000000011f700000| Untracked 
| 504|0x000000011f800000, 0x000000011f800000, 0x000000011f900000|  0%| F|  |TAMS 0x000000011f800000, 0x000000011f800000| Untracked 
| 505|0x000000011f900000, 0x000000011f900000, 0x000000011fa00000|  0%| F|  |TAMS 0x000000011f900000, 0x000000011f900000| Untracked 
| 506|0x000000011fa00000, 0x000000011fa00000, 0x000000011fb00000|  0%| F|  |TAMS 0x000000011fa00000, 0x000000011fa00000| Untracked 
| 507|0x000000011fb00000, 0x000000011fb00000, 0x000000011fc00000|  0%| F|  |TAMS 0x000000011fb00000, 0x000000011fb00000| Untracked 
| 508|0x000000011fc00000, 0x000000011fc00000, 0x000000011fd00000|  0%| F|  |TAMS 0x000000011fc00000, 0x000000011fc00000| Untracked 
| 509|0x000000011fd00000, 0x000000011fd00000, 0x000000011fe00000|  0%| F|  |TAMS 0x000000011fd00000, 0x000000011fd00000| Untracked 
| 510|0x000000011fe00000, 0x000000011fe00000, 0x000000011ff00000|  0%| F|  |TAMS 0x000000011fe00000, 0x000000011fe00000| Untracked 
| 511|0x000000011ff00000, 0x000000011ff00000, 0x0000000120000000|  0%| F|  |TAMS 0x000000011ff00000, 0x000000011ff00000| Untracked 
| 512|0x0000000120000000, 0x0000000120000000, 0x0000000120100000|  0%| F|  |TAMS 0x0000000120000000, 0x0000000120000000| Untracked 
| 513|0x0000000120100000, 0x0000000120100000, 0x0000000120200000|  0%| F|  |TAMS 0x0000000120100000, 0x0000000120100000| Untracked 
| 514|0x0000000120200000, 0x0000000120200000, 0x0000000120300000|  0%| F|  |TAMS 0x0000000120200000, 0x0000000120200000| Untracked 
| 515|0x0000000120300000, 0x0000000120300000, 0x0000000120400000|  0%| F|  |TAMS 0x0000000120300000, 0x0000000120300000| Untracked 
| 516|0x0000000120400000, 0x0000000120400000, 0x0000000120500000|  0%| F|  |TAMS 0x0000000120400000, 0x0000000120400000| Untracked 
| 517|0x0000000120500000, 0x0000000120500000, 0x0000000120600000|  0%| F|  |TAMS 0x0000000120500000, 0x0000000120500000| Untracked 
| 518|0x0000000120600000, 0x0000000120600000, 0x0000000120700000|  0%| F|  |TAMS 0x0000000120600000, 0x0000000120600000| Untracked 
| 519|0x0000000120700000, 0x0000000120700000, 0x0000000120800000|  0%| F|  |TAMS 0x0000000120700000, 0x0000000120700000| Untracked 
| 520|0x0000000120800000, 0x0000000120800000, 0x0000000120900000|  0%| F|  |TAMS 0x0000000120800000, 0x0000000120800000| Untracked 
| 521|0x0000000120900000, 0x0000000120900000, 0x0000000120a00000|  0%| F|  |TAMS 0x0000000120900000, 0x0000000120900000| Untracked 
| 522|0x0000000120a00000, 0x0000000120a00000, 0x0000000120b00000|  0%| F|  |TAMS 0x0000000120a00000, 0x0000000120a00000| Untracked 
| 523|0x0000000120b00000, 0x0000000120b00000, 0x0000000120c00000|  0%| F|  |TAMS 0x0000000120b00000, 0x0000000120b00000| Untracked 
| 524|0x0000000120c00000, 0x0000000120c00000, 0x0000000120d00000|  0%| F|  |TAMS 0x0000000120c00000, 0x0000000120c00000| Untracked 
| 525|0x0000000120d00000, 0x0000000120d00000, 0x0000000120e00000|  0%| F|  |TAMS 0x0000000120d00000, 0x0000000120d00000| Untracked 
| 526|0x0000000120e00000, 0x0000000120e00000, 0x0000000120f00000|  0%| F|  |TAMS 0x0000000120e00000, 0x0000000120e00000| Untracked 
| 527|0x0000000120f00000, 0x0000000120f00000, 0x0000000121000000|  0%| F|  |TAMS 0x0000000120f00000, 0x0000000120f00000| Untracked 
| 528|0x0000000121000000, 0x0000000121000000, 0x0000000121100000|  0%| F|  |TAMS 0x0000000121000000, 0x0000000121000000| Untracked 
| 529|0x0000000121100000, 0x0000000121100000, 0x0000000121200000|  0%| F|  |TAMS 0x0000000121100000, 0x0000000121100000| Untracked 
| 530|0x0000000121200000, 0x0000000121200000, 0x0000000121300000|  0%| F|  |TAMS 0x0000000121200000, 0x0000000121200000| Untracked 
| 531|0x0000000121300000, 0x0000000121300000, 0x0000000121400000|  0%| F|  |TAMS 0x0000000121300000, 0x0000000121300000| Untracked 
| 532|0x0000000121400000, 0x0000000121400000, 0x0000000121500000|  0%| F|  |TAMS 0x0000000121400000, 0x0000000121400000| Untracked 
| 533|0x0000000121500000, 0x0000000121500000, 0x0000000121600000|  0%| F|  |TAMS 0x0000000121500000, 0x0000000121500000| Untracked 
| 534|0x0000000121600000, 0x0000000121600000, 0x0000000121700000|  0%| F|  |TAMS 0x0000000121600000, 0x0000000121600000| Untracked 
| 535|0x0000000121700000, 0x0000000121700000, 0x0000000121800000|  0%| F|  |TAMS 0x0000000121700000, 0x0000000121700000| Untracked 
| 536|0x0000000121800000, 0x0000000121800000, 0x0000000121900000|  0%| F|  |TAMS 0x0000000121800000, 0x0000000121800000| Untracked 
| 537|0x0000000121900000, 0x0000000121900000, 0x0000000121a00000|  0%| F|  |TAMS 0x0000000121900000, 0x0000000121900000| Untracked 
| 538|0x0000000121a00000, 0x0000000121a00000, 0x0000000121b00000|  0%| F|  |TAMS 0x0000000121a00000, 0x0000000121a00000| Untracked 
| 539|0x0000000121b00000, 0x0000000121b00000, 0x0000000121c00000|  0%| F|  |TAMS 0x0000000121b00000, 0x0000000121b00000| Untracked 
| 540|0x0000000121c00000, 0x0000000121c00000, 0x0000000121d00000|  0%| F|  |TAMS 0x0000000121c00000, 0x0000000121c00000| Untracked 
| 541|0x0000000121d00000, 0x0000000121d00000, 0x0000000121e00000|  0%| F|  |TAMS 0x0000000121d00000, 0x0000000121d00000| Untracked 
| 542|0x0000000121e00000, 0x0000000121e00000, 0x0000000121f00000|  0%| F|  |TAMS 0x0000000121e00000, 0x0000000121e00000| Untracked 
| 543|0x0000000121f00000, 0x0000000121f00000, 0x0000000122000000|  0%| F|  |TAMS 0x0000000121f00000, 0x0000000121f00000| Untracked 
| 544|0x0000000122000000, 0x0000000122000000, 0x0000000122100000|  0%| F|  |TAMS 0x0000000122000000, 0x0000000122000000| Untracked 
| 545|0x0000000122100000, 0x0000000122100000, 0x0000000122200000|  0%| F|  |TAMS 0x0000000122100000, 0x0000000122100000| Untracked 
| 546|0x0000000122200000, 0x0000000122200000, 0x0000000122300000|  0%| F|  |TAMS 0x0000000122200000, 0x0000000122200000| Untracked 
| 547|0x0000000122300000, 0x0000000122300000, 0x0000000122400000|  0%| F|  |TAMS 0x0000000122300000, 0x0000000122300000| Untracked 
| 548|0x0000000122400000, 0x0000000122400000, 0x0000000122500000|  0%| F|  |TAMS 0x0000000122400000, 0x0000000122400000| Untracked 
| 549|0x0000000122500000, 0x0000000122500000, 0x0000000122600000|  0%| F|  |TAMS 0x0000000122500000, 0x0000000122500000| Untracked 
| 550|0x0000000122600000, 0x0000000122600000, 0x0000000122700000|  0%| F|  |TAMS 0x0000000122600000, 0x0000000122600000| Untracked 
| 551|0x0000000122700000, 0x0000000122700000, 0x0000000122800000|  0%| F|  |TAMS 0x0000000122700000, 0x0000000122700000| Untracked 
| 552|0x0000000122800000, 0x0000000122800000, 0x0000000122900000|  0%| F|  |TAMS 0x0000000122800000, 0x0000000122800000| Untracked 
| 553|0x0000000122900000, 0x0000000122900000, 0x0000000122a00000|  0%| F|  |TAMS 0x0000000122900000, 0x0000000122900000| Untracked 
| 554|0x0000000122a00000, 0x0000000122a00000, 0x0000000122b00000|  0%| F|  |TAMS 0x0000000122a00000, 0x0000000122a00000| Untracked 
| 555|0x0000000122b00000, 0x0000000122b00000, 0x0000000122c00000|  0%| F|  |TAMS 0x0000000122b00000, 0x0000000122b00000| Untracked 
| 556|0x0000000122c00000, 0x0000000122c00000, 0x0000000122d00000|  0%| F|  |TAMS 0x0000000122c00000, 0x0000000122c00000| Untracked 
| 557|0x0000000122d00000, 0x0000000122d00000, 0x0000000122e00000|  0%| F|  |TAMS 0x0000000122d00000, 0x0000000122d00000| Untracked 
| 558|0x0000000122e00000, 0x0000000122e00000, 0x0000000122f00000|  0%| F|  |TAMS 0x0000000122e00000, 0x0000000122e00000| Untracked 
| 559|0x0000000122f00000, 0x0000000122f00000, 0x0000000123000000|  0%| F|  |TAMS 0x0000000122f00000, 0x0000000122f00000| Untracked 
| 560|0x0000000123000000, 0x0000000123000000, 0x0000000123100000|  0%| F|  |TAMS 0x0000000123000000, 0x0000000123000000| Untracked 
| 561|0x0000000123100000, 0x0000000123100000, 0x0000000123200000|  0%| F|  |TAMS 0x0000000123100000, 0x0000000123100000| Untracked 
| 562|0x0000000123200000, 0x0000000123200000, 0x0000000123300000|  0%| F|  |TAMS 0x0000000123200000, 0x0000000123200000| Untracked 
| 563|0x0000000123300000, 0x0000000123300000, 0x0000000123400000|  0%| F|  |TAMS 0x0000000123300000, 0x0000000123300000| Untracked 
| 564|0x0000000123400000, 0x0000000123400000, 0x0000000123500000|  0%| F|  |TAMS 0x0000000123400000, 0x0000000123400000| Untracked 
| 565|0x0000000123500000, 0x0000000123500000, 0x0000000123600000|  0%| F|  |TAMS 0x0000000123500000, 0x0000000123500000| Untracked 
| 566|0x0000000123600000, 0x0000000123600000, 0x0000000123700000|  0%| F|  |TAMS 0x0000000123600000, 0x0000000123600000| Untracked 
| 567|0x0000000123700000, 0x0000000123700000, 0x0000000123800000|  0%| F|  |TAMS 0x0000000123700000, 0x0000000123700000| Untracked 
| 568|0x0000000123800000, 0x0000000123800000, 0x0000000123900000|  0%| F|  |TAMS 0x0000000123800000, 0x0000000123800000| Untracked 
| 569|0x0000000123900000, 0x0000000123900000, 0x0000000123a00000|  0%| F|  |TAMS 0x0000000123900000, 0x0000000123900000| Untracked 
| 570|0x0000000123a00000, 0x0000000123a00000, 0x0000000123b00000|  0%| F|  |TAMS 0x0000000123a00000, 0x0000000123a00000| Untracked 
| 571|0x0000000123b00000, 0x0000000123b00000, 0x0000000123c00000|  0%| F|  |TAMS 0x0000000123b00000, 0x0000000123b00000| Untracked 
| 572|0x0000000123c00000, 0x0000000123c00000, 0x0000000123d00000|  0%| F|  |TAMS 0x0000000123c00000, 0x0000000123c00000| Untracked 
| 573|0x0000000123d00000, 0x0000000123d00000, 0x0000000123e00000|  0%| F|  |TAMS 0x0000000123d00000, 0x0000000123d00000| Untracked 
| 574|0x0000000123e00000, 0x0000000123e00000, 0x0000000123f00000|  0%| F|  |TAMS 0x0000000123e00000, 0x0000000123e00000| Untracked 
| 575|0x0000000123f00000, 0x0000000123f00000, 0x0000000124000000|  0%| F|  |TAMS 0x0000000123f00000, 0x0000000123f00000| Untracked 
| 576|0x0000000124000000, 0x0000000124000000, 0x0000000124100000|  0%| F|  |TAMS 0x0000000124000000, 0x0000000124000000| Untracked 
| 577|0x0000000124100000, 0x0000000124100000, 0x0000000124200000|  0%| F|  |TAMS 0x0000000124100000, 0x0000000124100000| Untracked 
| 578|0x0000000124200000, 0x0000000124200000, 0x0000000124300000|  0%| F|  |TAMS 0x0000000124200000, 0x0000000124200000| Untracked 
| 579|0x0000000124300000, 0x0000000124300000, 0x0000000124400000|  0%| F|  |TAMS 0x0000000124300000, 0x0000000124300000| Untracked 
| 580|0x0000000124400000, 0x0000000124400000, 0x0000000124500000|  0%| F|  |TAMS 0x0000000124400000, 0x0000000124400000| Untracked 
| 581|0x0000000124500000, 0x0000000124500000, 0x0000000124600000|  0%| F|  |TAMS 0x0000000124500000, 0x0000000124500000| Untracked 
| 582|0x0000000124600000, 0x0000000124600000, 0x0000000124700000|  0%| F|  |TAMS 0x0000000124600000, 0x0000000124600000| Untracked 
| 583|0x0000000124700000, 0x0000000124700000, 0x0000000124800000|  0%| F|  |TAMS 0x0000000124700000, 0x0000000124700000| Untracked 
| 584|0x0000000124800000, 0x0000000124800000, 0x0000000124900000|  0%| F|  |TAMS 0x0000000124800000, 0x0000000124800000| Untracked 
| 585|0x0000000124900000, 0x0000000124900000, 0x0000000124a00000|  0%| F|  |TAMS 0x0000000124900000, 0x0000000124900000| Untracked 
| 586|0x0000000124a00000, 0x0000000124a00000, 0x0000000124b00000|  0%| F|  |TAMS 0x0000000124a00000, 0x0000000124a00000| Untracked 
| 587|0x0000000124b00000, 0x0000000124b00000, 0x0000000124c00000|  0%| F|  |TAMS 0x0000000124b00000, 0x0000000124b00000| Untracked 
| 588|0x0000000124c00000, 0x0000000124c00000, 0x0000000124d00000|  0%| F|  |TAMS 0x0000000124c00000, 0x0000000124c00000| Untracked 
| 589|0x0000000124d00000, 0x0000000124d00000, 0x0000000124e00000|  0%| F|  |TAMS 0x0000000124d00000, 0x0000000124d00000| Untracked 
| 590|0x0000000124e00000, 0x0000000124e00000, 0x0000000124f00000|  0%| F|  |TAMS 0x0000000124e00000, 0x0000000124e00000| Untracked 
| 591|0x0000000124f00000, 0x0000000124f00000, 0x0000000125000000|  0%| F|  |TAMS 0x0000000124f00000, 0x0000000124f00000| Untracked 
| 592|0x0000000125000000, 0x0000000125000000, 0x0000000125100000|  0%| F|  |TAMS 0x0000000125000000, 0x0000000125000000| Untracked 
| 593|0x0000000125100000, 0x0000000125100000, 0x0000000125200000|  0%| F|  |TAMS 0x0000000125100000, 0x0000000125100000| Untracked 
| 594|0x0000000125200000, 0x0000000125200000, 0x0000000125300000|  0%| F|  |TAMS 0x0000000125200000, 0x0000000125200000| Untracked 
| 595|0x0000000125300000, 0x0000000125300000, 0x0000000125400000|  0%| F|  |TAMS 0x0000000125300000, 0x0000000125300000| Untracked 
| 596|0x0000000125400000, 0x0000000125400000, 0x0000000125500000|  0%| F|  |TAMS 0x0000000125400000, 0x0000000125400000| Untracked 
| 597|0x0000000125500000, 0x0000000125500000, 0x0000000125600000|  0%| F|  |TAMS 0x0000000125500000, 0x0000000125500000| Untracked 
| 598|0x0000000125600000, 0x0000000125600000, 0x0000000125700000|  0%| F|  |TAMS 0x0000000125600000, 0x0000000125600000| Untracked 
| 599|0x0000000125700000, 0x0000000125700000, 0x0000000125800000|  0%| F|  |TAMS 0x0000000125700000, 0x0000000125700000| Untracked 
| 600|0x0000000125800000, 0x0000000125800000, 0x0000000125900000|  0%| F|  |TAMS 0x0000000125800000, 0x0000000125800000| Untracked 
| 601|0x0000000125900000, 0x0000000125900000, 0x0000000125a00000|  0%| F|  |TAMS 0x0000000125900000, 0x0000000125900000| Untracked 
| 602|0x0000000125a00000, 0x0000000125a00000, 0x0000000125b00000|  0%| F|  |TAMS 0x0000000125a00000, 0x0000000125a00000| Untracked 
| 603|0x0000000125b00000, 0x0000000125c00000, 0x0000000125c00000|100%| E|  |TAMS 0x0000000125b00000, 0x0000000125b00000| Complete 
| 604|0x0000000125c00000, 0x0000000125d00000, 0x0000000125d00000|100%| E|CS|TAMS 0x0000000125c00000, 0x0000000125c00000| Complete 
| 605|0x0000000125d00000, 0x0000000125e00000, 0x0000000125e00000|100%| E|CS|TAMS 0x0000000125d00000, 0x0000000125d00000| Complete 
| 606|0x0000000125e00000, 0x0000000125f00000, 0x0000000125f00000|100%| E|CS|TAMS 0x0000000125e00000, 0x0000000125e00000| Complete 
| 607|0x0000000125f00000, 0x0000000126000000, 0x0000000126000000|100%| E|CS|TAMS 0x0000000125f00000, 0x0000000125f00000| Complete 
| 608|0x0000000126000000, 0x0000000126100000, 0x0000000126100000|100%| E|CS|TAMS 0x0000000126000000, 0x0000000126000000| Complete 
| 609|0x0000000126100000, 0x0000000126200000, 0x0000000126200000|100%| E|CS|TAMS 0x0000000126100000, 0x0000000126100000| Complete 
| 610|0x0000000126200000, 0x0000000126300000, 0x0000000126300000|100%| E|CS|TAMS 0x0000000126200000, 0x0000000126200000| Complete 
| 611|0x0000000126300000, 0x0000000126400000, 0x0000000126400000|100%| E|CS|TAMS 0x0000000126300000, 0x0000000126300000| Complete 
| 612|0x0000000126400000, 0x0000000126500000, 0x0000000126500000|100%| E|CS|TAMS 0x0000000126400000, 0x0000000126400000| Complete 
| 613|0x0000000126500000, 0x0000000126600000, 0x0000000126600000|100%| E|CS|TAMS 0x0000000126500000, 0x0000000126500000| Complete 
| 614|0x0000000126600000, 0x0000000126700000, 0x0000000126700000|100%| E|CS|TAMS 0x0000000126600000, 0x0000000126600000| Complete 
| 615|0x0000000126700000, 0x0000000126800000, 0x0000000126800000|100%| E|CS|TAMS 0x0000000126700000, 0x0000000126700000| Complete 
| 616|0x0000000126800000, 0x0000000126900000, 0x0000000126900000|100%| E|CS|TAMS 0x0000000126800000, 0x0000000126800000| Complete 
| 617|0x0000000126900000, 0x0000000126a00000, 0x0000000126a00000|100%| E|CS|TAMS 0x0000000126900000, 0x0000000126900000| Complete 
| 618|0x0000000126a00000, 0x0000000126b00000, 0x0000000126b00000|100%| E|CS|TAMS 0x0000000126a00000, 0x0000000126a00000| Complete 
| 619|0x0000000126b00000, 0x0000000126c00000, 0x0000000126c00000|100%| E|CS|TAMS 0x0000000126b00000, 0x0000000126b00000| Complete 
| 620|0x0000000126c00000, 0x0000000126d00000, 0x0000000126d00000|100%| E|CS|TAMS 0x0000000126c00000, 0x0000000126c00000| Complete 
| 621|0x0000000126d00000, 0x0000000126e00000, 0x0000000126e00000|100%| E|CS|TAMS 0x0000000126d00000, 0x0000000126d00000| Complete 
| 622|0x0000000126e00000, 0x0000000126f00000, 0x0000000126f00000|100%| E|CS|TAMS 0x0000000126e00000, 0x0000000126e00000| Complete 
| 623|0x0000000126f00000, 0x0000000127000000, 0x0000000127000000|100%| E|CS|TAMS 0x0000000126f00000, 0x0000000126f00000| Complete 
| 624|0x0000000127000000, 0x0000000127100000, 0x0000000127100000|100%| E|CS|TAMS 0x0000000127000000, 0x0000000127000000| Complete 
| 625|0x0000000127100000, 0x0000000127200000, 0x0000000127200000|100%| E|CS|TAMS 0x0000000127100000, 0x0000000127100000| Complete 
| 626|0x0000000127200000, 0x0000000127300000, 0x0000000127300000|100%| E|CS|TAMS 0x0000000127200000, 0x0000000127200000| Complete 
| 627|0x0000000127300000, 0x0000000127400000, 0x0000000127400000|100%| E|CS|TAMS 0x0000000127300000, 0x0000000127300000| Complete 
| 628|0x0000000127400000, 0x0000000127500000, 0x0000000127500000|100%| E|CS|TAMS 0x0000000127400000, 0x0000000127400000| Complete 
| 629|0x0000000127500000, 0x0000000127600000, 0x0000000127600000|100%| E|CS|TAMS 0x0000000127500000, 0x0000000127500000| Complete 
| 630|0x0000000127600000, 0x0000000127700000, 0x0000000127700000|100%| E|CS|TAMS 0x0000000127600000, 0x0000000127600000| Complete 
| 631|0x0000000127700000, 0x0000000127800000, 0x0000000127800000|100%| E|CS|TAMS 0x0000000127700000, 0x0000000127700000| Complete 
| 632|0x0000000127800000, 0x0000000127900000, 0x0000000127900000|100%| E|CS|TAMS 0x0000000127800000, 0x0000000127800000| Complete 
| 633|0x0000000127900000, 0x0000000127a00000, 0x0000000127a00000|100%| E|CS|TAMS 0x0000000127900000, 0x0000000127900000| Complete 
| 634|0x0000000127a00000, 0x0000000127b00000, 0x0000000127b00000|100%| E|CS|TAMS 0x0000000127a00000, 0x0000000127a00000| Complete 
| 635|0x0000000127b00000, 0x0000000127c00000, 0x0000000127c00000|100%| E|CS|TAMS 0x0000000127b00000, 0x0000000127b00000| Complete 
| 636|0x0000000127c00000, 0x0000000127d00000, 0x0000000127d00000|100%| E|CS|TAMS 0x0000000127c00000, 0x0000000127c00000| Complete 
| 637|0x0000000127d00000, 0x0000000127e00000, 0x0000000127e00000|100%| E|CS|TAMS 0x0000000127d00000, 0x0000000127d00000| Complete 
| 638|0x0000000127e00000, 0x0000000127f00000, 0x0000000127f00000|100%| E|CS|TAMS 0x0000000127e00000, 0x0000000127e00000| Complete 
| 639|0x0000000127f00000, 0x0000000128000000, 0x0000000128000000|100%| E|CS|TAMS 0x0000000127f00000, 0x0000000127f00000| Complete 
| 640|0x0000000128000000, 0x0000000128100000, 0x0000000128100000|100%| E|CS|TAMS 0x0000000128000000, 0x0000000128000000| Complete 
| 641|0x0000000128100000, 0x0000000128200000, 0x0000000128200000|100%| E|CS|TAMS 0x0000000128100000, 0x0000000128100000| Complete 
| 642|0x0000000128200000, 0x0000000128300000, 0x0000000128300000|100%| E|CS|TAMS 0x0000000128200000, 0x0000000128200000| Complete 
| 643|0x0000000128300000, 0x0000000128400000, 0x0000000128400000|100%| E|CS|TAMS 0x0000000128300000, 0x0000000128300000| Complete 
| 644|0x0000000128400000, 0x0000000128500000, 0x0000000128500000|100%| E|CS|TAMS 0x0000000128400000, 0x0000000128400000| Complete 
| 645|0x0000000128500000, 0x0000000128600000, 0x0000000128600000|100%| E|CS|TAMS 0x0000000128500000, 0x0000000128500000| Complete 
| 646|0x0000000128600000, 0x0000000128700000, 0x0000000128700000|100%| E|CS|TAMS 0x0000000128600000, 0x0000000128600000| Complete 
| 647|0x0000000128700000, 0x0000000128800000, 0x0000000128800000|100%| E|CS|TAMS 0x0000000128700000, 0x0000000128700000| Complete 
| 648|0x0000000128800000, 0x0000000128900000, 0x0000000128900000|100%| E|CS|TAMS 0x0000000128800000, 0x0000000128800000| Complete 
| 649|0x0000000128900000, 0x0000000128a00000, 0x0000000128a00000|100%| E|CS|TAMS 0x0000000128900000, 0x0000000128900000| Complete 
| 650|0x0000000128a00000, 0x0000000128b00000, 0x0000000128b00000|100%| E|CS|TAMS 0x0000000128a00000, 0x0000000128a00000| Complete 
| 651|0x0000000128b00000, 0x0000000128c00000, 0x0000000128c00000|100%| E|CS|TAMS 0x0000000128b00000, 0x0000000128b00000| Complete 
| 652|0x0000000128c00000, 0x0000000128d00000, 0x0000000128d00000|100%| E|CS|TAMS 0x0000000128c00000, 0x0000000128c00000| Complete 
| 653|0x0000000128d00000, 0x0000000128e00000, 0x0000000128e00000|100%| E|CS|TAMS 0x0000000128d00000, 0x0000000128d00000| Complete 
| 654|0x0000000128e00000, 0x0000000128f00000, 0x0000000128f00000|100%| E|CS|TAMS 0x0000000128e00000, 0x0000000128e00000| Complete 
| 655|0x0000000128f00000, 0x0000000129000000, 0x0000000129000000|100%| E|CS|TAMS 0x0000000128f00000, 0x0000000128f00000| Complete 
| 656|0x0000000129000000, 0x0000000129100000, 0x0000000129100000|100%| E|CS|TAMS 0x0000000129000000, 0x0000000129000000| Complete 
| 657|0x0000000129100000, 0x0000000129200000, 0x0000000129200000|100%| E|CS|TAMS 0x0000000129100000, 0x0000000129100000| Complete 
| 658|0x0000000129200000, 0x0000000129300000, 0x0000000129300000|100%| E|CS|TAMS 0x0000000129200000, 0x0000000129200000| Complete 
| 659|0x0000000129300000, 0x0000000129400000, 0x0000000129400000|100%| E|CS|TAMS 0x0000000129300000, 0x0000000129300000| Complete 
| 660|0x0000000129400000, 0x0000000129500000, 0x0000000129500000|100%| E|CS|TAMS 0x0000000129400000, 0x0000000129400000| Complete 
| 661|0x0000000129500000, 0x0000000129600000, 0x0000000129600000|100%| E|CS|TAMS 0x0000000129500000, 0x0000000129500000| Complete 
| 662|0x0000000129600000, 0x0000000129700000, 0x0000000129700000|100%| E|CS|TAMS 0x0000000129600000, 0x0000000129600000| Complete 
| 663|0x0000000129700000, 0x0000000129800000, 0x0000000129800000|100%| E|CS|TAMS 0x0000000129700000, 0x0000000129700000| Complete 
| 664|0x0000000129800000, 0x0000000129900000, 0x0000000129900000|100%| E|CS|TAMS 0x0000000129800000, 0x0000000129800000| Complete 
| 665|0x0000000129900000, 0x0000000129a00000, 0x0000000129a00000|100%| E|CS|TAMS 0x0000000129900000, 0x0000000129900000| Complete 
| 666|0x0000000129a00000, 0x0000000129b00000, 0x0000000129b00000|100%| E|CS|TAMS 0x0000000129a00000, 0x0000000129a00000| Complete 
| 667|0x0000000129b00000, 0x0000000129c00000, 0x0000000129c00000|100%| E|CS|TAMS 0x0000000129b00000, 0x0000000129b00000| Complete 
| 668|0x0000000129c00000, 0x0000000129d00000, 0x0000000129d00000|100%| E|CS|TAMS 0x0000000129c00000, 0x0000000129c00000| Complete 
| 669|0x0000000129d00000, 0x0000000129e00000, 0x0000000129e00000|100%| E|CS|TAMS 0x0000000129d00000, 0x0000000129d00000| Complete 
| 670|0x0000000129e00000, 0x0000000129f00000, 0x0000000129f00000|100%| E|CS|TAMS 0x0000000129e00000, 0x0000000129e00000| Complete 
| 671|0x0000000129f00000, 0x000000012a000000, 0x000000012a000000|100%| E|CS|TAMS 0x0000000129f00000, 0x0000000129f00000| Complete 
| 672|0x000000012a000000, 0x000000012a100000, 0x000000012a100000|100%| E|CS|TAMS 0x000000012a000000, 0x000000012a000000| Complete 
| 673|0x000000012a100000, 0x000000012a200000, 0x000000012a200000|100%| E|CS|TAMS 0x000000012a100000, 0x000000012a100000| Complete 
| 674|0x000000012a200000, 0x000000012a300000, 0x000000012a300000|100%| E|CS|TAMS 0x000000012a200000, 0x000000012a200000| Complete 
| 675|0x000000012a300000, 0x000000012a400000, 0x000000012a400000|100%| E|CS|TAMS 0x000000012a300000, 0x000000012a300000| Complete 
| 676|0x000000012a400000, 0x000000012a500000, 0x000000012a500000|100%| E|CS|TAMS 0x000000012a400000, 0x000000012a400000| Complete 
| 677|0x000000012a500000, 0x000000012a600000, 0x000000012a600000|100%| E|CS|TAMS 0x000000012a500000, 0x000000012a500000| Complete 
| 678|0x000000012a600000, 0x000000012a700000, 0x000000012a700000|100%| E|CS|TAMS 0x000000012a600000, 0x000000012a600000| Complete 
| 679|0x000000012a700000, 0x000000012a800000, 0x000000012a800000|100%| E|CS|TAMS 0x000000012a700000, 0x000000012a700000| Complete 
| 680|0x000000012a800000, 0x000000012a900000, 0x000000012a900000|100%| E|CS|TAMS 0x000000012a800000, 0x000000012a800000| Complete 
| 681|0x000000012a900000, 0x000000012aa00000, 0x000000012aa00000|100%| E|CS|TAMS 0x000000012a900000, 0x000000012a900000| Complete 
| 682|0x000000012aa00000, 0x000000012ab00000, 0x000000012ab00000|100%| E|CS|TAMS 0x000000012aa00000, 0x000000012aa00000| Complete 
| 683|0x000000012ab00000, 0x000000012ac00000, 0x000000012ac00000|100%| E|CS|TAMS 0x000000012ab00000, 0x000000012ab00000| Complete 
| 684|0x000000012ac00000, 0x000000012ad00000, 0x000000012ad00000|100%| E|CS|TAMS 0x000000012ac00000, 0x000000012ac00000| Complete 
| 685|0x000000012ad00000, 0x000000012ae00000, 0x000000012ae00000|100%| E|CS|TAMS 0x000000012ad00000, 0x000000012ad00000| Complete 
| 686|0x000000012ae00000, 0x000000012af00000, 0x000000012af00000|100%| E|CS|TAMS 0x000000012ae00000, 0x000000012ae00000| Complete 
| 687|0x000000012af00000, 0x000000012b000000, 0x000000012b000000|100%| E|CS|TAMS 0x000000012af00000, 0x000000012af00000| Complete 
| 688|0x000000012b000000, 0x000000012b100000, 0x000000012b100000|100%| E|CS|TAMS 0x000000012b000000, 0x000000012b000000| Complete 
| 689|0x000000012b100000, 0x000000012b200000, 0x000000012b200000|100%| E|CS|TAMS 0x000000012b100000, 0x000000012b100000| Complete 
| 690|0x000000012b200000, 0x000000012b300000, 0x000000012b300000|100%| E|CS|TAMS 0x000000012b200000, 0x000000012b200000| Complete 
| 691|0x000000012b300000, 0x000000012b400000, 0x000000012b400000|100%| E|CS|TAMS 0x000000012b300000, 0x000000012b300000| Complete 
| 692|0x000000012b400000, 0x000000012b500000, 0x000000012b500000|100%| E|CS|TAMS 0x000000012b400000, 0x000000012b400000| Complete 
| 693|0x000000012b500000, 0x000000012b600000, 0x000000012b600000|100%| E|CS|TAMS 0x000000012b500000, 0x000000012b500000| Complete 
| 694|0x000000012b600000, 0x000000012b700000, 0x000000012b700000|100%| E|CS|TAMS 0x000000012b600000, 0x000000012b600000| Complete 
| 695|0x000000012b700000, 0x000000012b800000, 0x000000012b800000|100%| E|CS|TAMS 0x000000012b700000, 0x000000012b700000| Complete 
| 696|0x000000012b800000, 0x000000012b900000, 0x000000012b900000|100%| E|CS|TAMS 0x000000012b800000, 0x000000012b800000| Complete 
| 697|0x000000012b900000, 0x000000012ba00000, 0x000000012ba00000|100%| E|CS|TAMS 0x000000012b900000, 0x000000012b900000| Complete 
| 698|0x000000012ba00000, 0x000000012bb00000, 0x000000012bb00000|100%| E|CS|TAMS 0x000000012ba00000, 0x000000012ba00000| Complete 
| 699|0x000000012bb00000, 0x000000012bc00000, 0x000000012bc00000|100%| E|CS|TAMS 0x000000012bb00000, 0x000000012bb00000| Complete 
| 700|0x000000012bc00000, 0x000000012bd00000, 0x000000012bd00000|100%| E|CS|TAMS 0x000000012bc00000, 0x000000012bc00000| Complete 
| 701|0x000000012bd00000, 0x000000012be00000, 0x000000012be00000|100%| E|CS|TAMS 0x000000012bd00000, 0x000000012bd00000| Complete 
| 702|0x000000012be00000, 0x000000012bf00000, 0x000000012bf00000|100%| E|CS|TAMS 0x000000012be00000, 0x000000012be00000| Complete 
| 703|0x000000012bf00000, 0x000000012c000000, 0x000000012c000000|100%| E|CS|TAMS 0x000000012bf00000, 0x000000012bf00000| Complete 
| 704|0x000000012c000000, 0x000000012c100000, 0x000000012c100000|100%| E|CS|TAMS 0x000000012c000000, 0x000000012c000000| Complete 
| 705|0x000000012c100000, 0x000000012c200000, 0x000000012c200000|100%| E|CS|TAMS 0x000000012c100000, 0x000000012c100000| Complete 
| 706|0x000000012c200000, 0x000000012c300000, 0x000000012c300000|100%| E|CS|TAMS 0x000000012c200000, 0x000000012c200000| Complete 
| 707|0x000000012c300000, 0x000000012c400000, 0x000000012c400000|100%| E|CS|TAMS 0x000000012c300000, 0x000000012c300000| Complete 
| 708|0x000000012c400000, 0x000000012c500000, 0x000000012c500000|100%| E|CS|TAMS 0x000000012c400000, 0x000000012c400000| Complete 
| 709|0x000000012c500000, 0x000000012c600000, 0x000000012c600000|100%| E|CS|TAMS 0x000000012c500000, 0x000000012c500000| Complete 
| 710|0x000000012c600000, 0x000000012c700000, 0x000000012c700000|100%| E|CS|TAMS 0x000000012c600000, 0x000000012c600000| Complete 
| 711|0x000000012c700000, 0x000000012c800000, 0x000000012c800000|100%| E|CS|TAMS 0x000000012c700000, 0x000000012c700000| Complete 
| 712|0x000000012c800000, 0x000000012c900000, 0x000000012c900000|100%| E|CS|TAMS 0x000000012c800000, 0x000000012c800000| Complete 
| 713|0x000000012c900000, 0x000000012ca00000, 0x000000012ca00000|100%| E|CS|TAMS 0x000000012c900000, 0x000000012c900000| Complete 
| 714|0x000000012ca00000, 0x000000012cb00000, 0x000000012cb00000|100%| E|CS|TAMS 0x000000012ca00000, 0x000000012ca00000| Complete 
| 715|0x000000012cb00000, 0x000000012cc00000, 0x000000012cc00000|100%| E|CS|TAMS 0x000000012cb00000, 0x000000012cb00000| Complete 
| 716|0x000000012cc00000, 0x000000012cd00000, 0x000000012cd00000|100%| E|CS|TAMS 0x000000012cc00000, 0x000000012cc00000| Complete 

Card table byte_map: [0x000001b406200000,0x000001b406400000] _byte_map_base: 0x000001b405a00000

Marking Bits (Prev, Next): (CMBitMap*) 0x000001b477d432e0, (CMBitMap*) 0x000001b477d43320
 Prev Bits: [0x000001b406600000, 0x000001b407600000)
 Next Bits: [0x000001b407600000, 0x000001b408600000)

Polling page: 0x000001b475c50000

Metaspace:

Usage:
  Non-class:    186.31 MB used.
      Class:     27.24 MB used.
       Both:    213.55 MB used.

Virtual space:
  Non-class space:      192.00 MB reserved,     187.25 MB ( 98%) committed,  3 nodes.
      Class space:      320.00 MB reserved,      28.06 MB (  9%) committed,  1 nodes.
             Both:      512.00 MB reserved,     215.31 MB ( 42%) committed. 

Chunk freelists:
   Non-Class:  4.05 MB
       Class:  3.77 MB
        Both:  7.81 MB

MaxMetaspaceSize: 384.00 MB
CompressedClassSpaceSize: 320.00 MB
Initial GC threshold: 21.00 MB
Current GC threshold: 330.75 MB
CDS: on
MetaspaceReclaimPolicy: balanced
 - commit_granule_bytes: 65536.
 - commit_granule_words: 8192.
 - virtual_space_node_default_size: 8388608.
 - enlarge_chunks_in_place: 1.
 - new_chunks_are_fully_committed: 0.
 - uncommit_free_chunks: 1.
 - use_allocation_guard: 0.
 - handle_deallocations: 1.


Internal statistics:

num_allocs_failed_limit: 9.
num_arena_births: 2960.
num_arena_deaths: 0.
num_vsnodes_births: 4.
num_vsnodes_deaths: 0.
num_space_committed: 3441.
num_space_uncommitted: 0.
num_chunks_returned_to_freelist: 9.
num_chunks_taken_from_freelist: 12021.
num_chunk_merges: 9.
num_chunk_splits: 8335.
num_chunks_enlarged: 5897.
num_inconsistent_stats: 0.

CodeCache: size=98304Kb used=78935Kb max_used=78935Kb free=19368Kb
 bounds [0x000001b400000000, 0x000001b404d20000, 0x000001b406000000]
 total_blobs=27227 nmethods=25922 adapters=1214
 compilation: enabled
              stopped_count=0, restarted_count=0
 full_count=0

Compilation events (20 events):
Event: 290.724 Thread 0x000001b40b5bb100 nmethod 32720 0x000001b404d0a890 code [0x000001b404d0aa80, 0x000001b404d0b0a8]
Event: 290.726 Thread 0x000001b40b5bb100 32721       3       java.util.PriorityQueue::siftDown (41 bytes)
Event: 290.726 Thread 0x000001b40b5bb100 nmethod 32721 0x000001b404d0b310 code [0x000001b404d0b4c0, 0x000001b404d0b6b8]
Event: 290.726 Thread 0x000001b40b5bb100 32722       3       com.android.tools.r8.internal.YR::a (38 bytes)
Event: 290.727 Thread 0x000001b40b5bb100 nmethod 32722 0x000001b404d0b790 code [0x000001b404d0b9a0, 0x000001b404d0c038]
Event: 290.727 Thread 0x000001b40b5bb100 32723       3       com.android.tools.r8.internal.CQ$$Lambda$4048/0x000001b40eb35290::test (12 bytes)
Event: 290.727 Thread 0x000001b40b5bb100 nmethod 32723 0x000001b404d0c310 code [0x000001b404d0c4c0, 0x000001b404d0c708]
Event: 290.727 Thread 0x000001b40b5bb100 32724       3       com.android.tools.r8.internal.CQ::d (152 bytes)
Event: 290.728 Thread 0x000001b40b5bb100 nmethod 32724 0x000001b404d0c810 code [0x000001b404d0cb00, 0x000001b404d0dd38]
Event: 290.731 Thread 0x000001b40b5bb100 32725       3       java.util.Collections$EmptySet::removeIf (7 bytes)
Event: 290.732 Thread 0x000001b40b5bb100 nmethod 32725 0x000001b404d0e210 code [0x000001b404d0e3c0, 0x000001b404d0e628]
Event: 290.736 Thread 0x000001b40b5bb100 32726       3       com.android.tools.r8.internal.CQ$$Lambda$4130/0x000001b40eb67758::test (8 bytes)
Event: 290.736 Thread 0x000001b40b5bb100 nmethod 32726 0x000001b404d0e710 code [0x000001b404d0e8e0, 0x000001b404d0ed28]
Event: 290.736 Thread 0x000001b40b5bb100 32727       3       com.android.tools.r8.internal.CQ::b (25 bytes)
Event: 290.736 Thread 0x000001b40b5bb100 nmethod 32727 0x000001b404d0ee10 code [0x000001b404d0efc0, 0x000001b404d0f288]
Event: 290.741 Thread 0x000001b40b5bb100 32728       3       com.android.tools.r8.internal.Wm::<init> (146 bytes)
Event: 291.720 Thread 0x000001b40b5bb100 nmethod 32728 0x000001b404d0f390 code [0x000001b404d0f660, 0x000001b404d10b48]
Event: 291.720 Thread 0x000001b40b5bb100 32730       3       com.android.tools.r8.internal.g8::<init> (23 bytes)
Event: 291.721 Thread 0x000001b40b5bb100 nmethod 32730 0x000001b404d11210 code [0x000001b404d113e0, 0x000001b404d118f8]
Event: 291.721 Thread 0x000001b40b5bb100 32729       3       com.android.tools.r8.internal.zy::a (50 bytes)

GC Heap History (20 events):
Event: 216.744 GC heap before
{Heap before GC invocations=100 (full 0):
 garbage-first heap   total 408576K, used 361786K [0x0000000100000000, 0x0000000140000000)
  region size 1024K, 48 young (49152K), 3 survivors (3072K)
 Metaspace       used 199796K, committed 201536K, reserved 524288K
  class space    used 25210K, committed 26048K, reserved 327680K
}
Event: 216.749 GC heap after
{Heap after GC invocations=101 (full 0):
 garbage-first heap   total 408576K, used 316346K [0x0000000100000000, 0x0000000140000000)
  region size 1024K, 3 young (3072K), 3 survivors (3072K)
 Metaspace       used 199796K, committed 201536K, reserved 524288K
  class space    used 25210K, committed 26048K, reserved 327680K
}
Event: 217.330 GC heap before
{Heap before GC invocations=101 (full 0):
 garbage-first heap   total 408576K, used 362426K [0x0000000100000000, 0x0000000140000000)
  region size 1024K, 49 young (50176K), 3 survivors (3072K)
 Metaspace       used 199818K, committed 201536K, reserved 524288K
  class space    used 25213K, committed 26048K, reserved 327680K
}
Event: 217.337 GC heap after
{Heap after GC invocations=102 (full 0):
 garbage-first heap   total 408576K, used 315426K [0x0000000100000000, 0x0000000140000000)
  region size 1024K, 4 young (4096K), 4 survivors (4096K)
 Metaspace       used 199818K, committed 201536K, reserved 524288K
  class space    used 25213K, committed 26048K, reserved 327680K
}
Event: 247.137 GC heap before
{Heap before GC invocations=102 (full 0):
 garbage-first heap   total 408576K, used 361506K [0x0000000100000000, 0x0000000140000000)
  region size 1024K, 50 young (51200K), 4 survivors (4096K)
 Metaspace       used 201199K, committed 202944K, reserved 524288K
  class space    used 25399K, committed 26240K, reserved 327680K
}
Event: 247.173 GC heap after
{Heap after GC invocations=103 (full 0):
 garbage-first heap   total 408576K, used 319363K [0x0000000100000000, 0x0000000140000000)
  region size 1024K, 7 young (7168K), 7 survivors (7168K)
 Metaspace       used 201199K, committed 202944K, reserved 524288K
  class space    used 25399K, committed 26240K, reserved 327680K
}
Event: 260.087 GC heap before
{Heap before GC invocations=103 (full 0):
 garbage-first heap   total 408576K, used 359299K [0x0000000100000000, 0x0000000140000000)
  region size 1024K, 47 young (48128K), 7 survivors (7168K)
 Metaspace       used 201229K, committed 202944K, reserved 524288K
  class space    used 25399K, committed 26240K, reserved 327680K
}
Event: 260.133 GC heap after
{Heap after GC invocations=104 (full 0):
 garbage-first heap   total 408576K, used 320572K [0x0000000100000000, 0x0000000140000000)
  region size 1024K, 2 young (2048K), 2 survivors (2048K)
 Metaspace       used 201229K, committed 202944K, reserved 524288K
  class space    used 25399K, committed 26240K, reserved 327680K
}
Event: 264.393 GC heap before
{Heap before GC invocations=104 (full 0):
 garbage-first heap   total 408576K, used 359484K [0x0000000100000000, 0x0000000140000000)
  region size 1024K, 41 young (41984K), 2 survivors (2048K)
 Metaspace       used 201233K, committed 202944K, reserved 524288K
  class space    used 25399K, committed 26240K, reserved 327680K
}
Event: 264.396 GC heap after
{Heap after GC invocations=105 (full 0):
 garbage-first heap   total 408576K, used 320901K [0x0000000100000000, 0x0000000140000000)
  region size 1024K, 2 young (2048K), 2 survivors (2048K)
 Metaspace       used 201233K, committed 202944K, reserved 524288K
  class space    used 25399K, committed 26240K, reserved 327680K
}
Event: 270.142 GC heap before
{Heap before GC invocations=105 (full 0):
 garbage-first heap   total 408576K, used 354693K [0x0000000100000000, 0x0000000140000000)
  region size 1024K, 37 young (37888K), 2 survivors (2048K)
 Metaspace       used 201381K, committed 203200K, reserved 524288K
  class space    used 25418K, committed 26304K, reserved 327680K
}
Event: 270.205 GC heap after
{Heap after GC invocations=106 (full 0):
 garbage-first heap   total 408576K, used 321179K [0x0000000100000000, 0x0000000140000000)
  region size 1024K, 2 young (2048K), 2 survivors (2048K)
 Metaspace       used 201381K, committed 203200K, reserved 524288K
  class space    used 25418K, committed 26304K, reserved 327680K
}
Event: 270.390 GC heap before
{Heap before GC invocations=106 (full 0):
 garbage-first heap   total 433152K, used 381595K [0x0000000100000000, 0x0000000140000000)
  region size 1024K, 3 young (3072K), 2 survivors (2048K)
 Metaspace       used 201381K, committed 203200K, reserved 524288K
  class space    used 25418K, committed 26304K, reserved 327680K
}
Event: 270.394 GC heap after
{Heap after GC invocations=107 (full 0):
 garbage-first heap   total 433152K, used 381587K [0x0000000100000000, 0x0000000140000000)
  region size 1024K, 2 young (2048K), 2 survivors (2048K)
 Metaspace       used 201381K, committed 203200K, reserved 524288K
  class space    used 25418K, committed 26304K, reserved 327680K
}
Event: 275.355 GC heap before
{Heap before GC invocations=108 (full 0):
 garbage-first heap   total 734208K, used 471699K [0x0000000100000000, 0x0000000140000000)
  region size 1024K, 35 young (35840K), 2 survivors (2048K)
 Metaspace       used 201422K, committed 203200K, reserved 524288K
  class space    used 25423K, committed 26304K, reserved 327680K
}
Event: 275.376 GC heap after
{Heap after GC invocations=109 (full 0):
 garbage-first heap   total 734208K, used 319989K [0x0000000100000000, 0x0000000140000000)
  region size 1024K, 4 young (4096K), 4 survivors (4096K)
 Metaspace       used 201422K, committed 203200K, reserved 524288K
  class space    used 25423K, committed 26304K, reserved 327680K
}
Event: 276.338 GC heap before
{Heap before GC invocations=109 (full 0):
 garbage-first heap   total 734208K, used 351733K [0x0000000100000000, 0x0000000140000000)
  region size 1024K, 35 young (35840K), 4 survivors (4096K)
 Metaspace       used 201436K, committed 203200K, reserved 524288K
  class space    used 25424K, committed 26304K, reserved 327680K
}
Event: 276.369 GC heap after
{Heap after GC invocations=110 (full 0):
 garbage-first heap   total 734208K, used 309961K [0x0000000100000000, 0x0000000140000000)
  region size 1024K, 4 young (4096K), 4 survivors (4096K)
 Metaspace       used 201436K, committed 203200K, reserved 524288K
  class space    used 25424K, committed 26304K, reserved 327680K
}
Event: 287.688 GC heap before
{Heap before GC invocations=110 (full 0):
 garbage-first heap   total 734208K, used 650953K [0x0000000100000000, 0x0000000140000000)
  region size 1024K, 315 young (322560K), 4 survivors (4096K)
 Metaspace       used 218222K, committed 219968K, reserved 524288K
  class space    used 27883K, committed 28736K, reserved 327680K
}
Event: 287.740 GC heap after
{Heap after GC invocations=111 (full 0):
 garbage-first heap   total 734208K, used 332650K [0x0000000100000000, 0x0000000140000000)
  region size 1024K, 17 young (17408K), 17 survivors (17408K)
 Metaspace       used 218222K, committed 219968K, reserved 524288K
  class space    used 27883K, committed 28736K, reserved 327680K
}

Dll operation events (17 events):
Event: 0.019 Loaded shared library C:\Program Files\Eclipse Adoptium\jdk-17.0.15.6-hotspot\bin\java.dll
Event: 0.045 Loaded shared library C:\Program Files\Eclipse Adoptium\jdk-17.0.15.6-hotspot\bin\jsvml.dll
Event: 0.094 Loaded shared library C:\Program Files\Eclipse Adoptium\jdk-17.0.15.6-hotspot\bin\zip.dll
Event: 0.098 Loaded shared library C:\Program Files\Eclipse Adoptium\jdk-17.0.15.6-hotspot\bin\instrument.dll
Event: 0.104 Loaded shared library C:\Program Files\Eclipse Adoptium\jdk-17.0.15.6-hotspot\bin\net.dll
Event: 0.106 Loaded shared library C:\Program Files\Eclipse Adoptium\jdk-17.0.15.6-hotspot\bin\nio.dll
Event: 0.109 Loaded shared library C:\Program Files\Eclipse Adoptium\jdk-17.0.15.6-hotspot\bin\zip.dll
Event: 0.390 Loaded shared library C:\Program Files\Eclipse Adoptium\jdk-17.0.15.6-hotspot\bin\jimage.dll
Event: 0.637 Loaded shared library C:\Program Files\Eclipse Adoptium\jdk-17.0.15.6-hotspot\bin\verify.dll
Event: 0.793 Loaded shared library C:\Users\Acer\.gradle\native\1def1411415f61bf3af743bc5b6707747c0891f09f0c88961ee8f79bc544acac\windows-amd64\native-platform.dll
Event: 0.803 Loaded shared library C:\Users\Acer\.gradle\native\0.2.5\x86_64-windows-gnu\gradle-fileevents.dll
Event: 2.039 Loaded shared library C:\Program Files\Eclipse Adoptium\jdk-17.0.15.6-hotspot\bin\management.dll
Event: 2.043 Loaded shared library C:\Program Files\Eclipse Adoptium\jdk-17.0.15.6-hotspot\bin\management_ext.dll
Event: 2.291 Loaded shared library C:\Program Files\Eclipse Adoptium\jdk-17.0.15.6-hotspot\bin\extnet.dll
Event: 2.867 Loaded shared library C:\Program Files\Eclipse Adoptium\jdk-17.0.15.6-hotspot\bin\sunmscapi.dll
Event: 3.496 Loaded shared library C:\Users\Acer\AppData\Local\Temp\native-platform15623258003521167300dir\gradle-fileevents.dll
Event: 28.800 Loaded shared library C:\Program Files\Eclipse Adoptium\jdk-17.0.15.6-hotspot\bin\rmi.dll

Deoptimization events (20 events):
Event: 288.578 Thread 0x000001b42777c020 DEOPT PACKING pc=0x000001b403df4f58 sp=0x0000009f607f63c0
Event: 288.578 Thread 0x000001b42777c020 DEOPT UNPACKING pc=0x000001b4000569a3 sp=0x0000009f607f6348 mode 2
Event: 288.928 Thread 0x000001b42777c020 Uncommon trap: trap_request=0xffffff6e fr.pc=0x000001b404b879c4 relative=0x0000000000000664
Event: 288.928 Thread 0x000001b42777c020 Uncommon trap: reason=loop_limit_check action=maybe_recompile pc=0x000001b404b879c4 method=com.android.tools.r8.internal.RF.a()I @ 64 c2
Event: 288.928 Thread 0x000001b42777c020 DEOPT PACKING pc=0x000001b404b879c4 sp=0x0000009f607f6510
Event: 288.928 Thread 0x000001b42777c020 DEOPT UNPACKING pc=0x000001b4000569a3 sp=0x0000009f607f6400 mode 2
Event: 289.665 Thread 0x000001b42777c020 Uncommon trap: trap_request=0xffffff45 fr.pc=0x000001b404c519e4 relative=0x0000000000004184
Event: 289.665 Thread 0x000001b42777c020 Uncommon trap: reason=unstable_if action=reinterpret pc=0x000001b404c519e4 method=com.android.tools.r8.internal.QF.contains(Ljava/lang/Object;)Z @ 184 c2
Event: 289.665 Thread 0x000001b42777c020 DEOPT PACKING pc=0x000001b404c519e4 sp=0x0000009f607f65f0
Event: 289.665 Thread 0x000001b42777c020 DEOPT UNPACKING pc=0x000001b4000569a3 sp=0x0000009f607f6398 mode 2
Event: 289.716 Thread 0x000001b42777c020 Uncommon trap: trap_request=0xffffff6e fr.pc=0x000001b40373b320 relative=0x0000000000000740
Event: 289.716 Thread 0x000001b42777c020 Uncommon trap: reason=loop_limit_check action=maybe_recompile pc=0x000001b40373b320 method=com.android.tools.r8.internal.S.putAll(Ljava/util/Map;)V @ 31 c2
Event: 289.716 Thread 0x000001b42777c020 DEOPT PACKING pc=0x000001b40373b320 sp=0x0000009f607f66d0
Event: 289.717 Thread 0x000001b42777c020 DEOPT UNPACKING pc=0x000001b4000569a3 sp=0x0000009f607f66c0 mode 2
Event: 289.782 Thread 0x000001b42777c020 DEOPT PACKING pc=0x000001b40119ba30 sp=0x0000009f607f66b0
Event: 289.782 Thread 0x000001b42777c020 DEOPT UNPACKING pc=0x000001b400057143 sp=0x0000009f607f5bb0 mode 0
Event: 290.295 Thread 0x000001b42777c020 Uncommon trap: trap_request=0xffffffde fr.pc=0x000001b401b25250 relative=0x0000000000000950
Event: 290.295 Thread 0x000001b42777c020 Uncommon trap: reason=class_check action=maybe_recompile pc=0x000001b401b25250 method=com.android.tools.r8.internal.CQ.a(Lcom/android/tools/r8/internal/rD;Lcom/android/tools/r8/internal/BQ;)Z @ 123 c2
Event: 290.295 Thread 0x000001b42777c020 DEOPT PACKING pc=0x000001b401b25250 sp=0x0000009f607f66e0
Event: 290.295 Thread 0x000001b42777c020 DEOPT UNPACKING pc=0x000001b4000569a3 sp=0x0000009f607f6688 mode 2

Classes loaded (20 events):
Event: 280.414 Loading class java/util/IdentityHashMap$IdentityHashMapSpliterator done
Event: 280.414 Loading class java/util/IdentityHashMap$EntrySpliterator done
Event: 280.455 Loading class java/util/SortedSet$1
Event: 280.456 Loading class java/util/SortedSet$1 done
Event: 280.457 Loading class java/util/stream/SliceOps
Event: 280.459 Loading class java/util/stream/SliceOps done
Event: 280.459 Loading class java/util/stream/SliceOps$1
Event: 280.461 Loading class java/util/stream/SliceOps$1 done
Event: 280.472 Loading class java/util/stream/SliceOps$1$1
Event: 280.473 Loading class java/util/stream/SliceOps$1$1 done
Event: 280.508 Loading class java/util/PriorityQueue
Event: 280.509 Loading class java/util/PriorityQueue done
Event: 280.527 Loading class java/util/IdentityHashMap$ValueIterator
Event: 280.527 Loading class java/util/IdentityHashMap$ValueIterator done
Event: 282.672 Loading class java/nio/ShortBuffer
Event: 282.673 Loading class java/nio/ShortBuffer done
Event: 282.721 Loading class java/nio/ByteBufferAsShortBufferL
Event: 282.721 Loading class java/nio/ByteBufferAsShortBufferL done
Event: 282.764 Loading class java/util/zip/Adler32
Event: 282.766 Loading class java/util/zip/Adler32 done

Classes unloaded (0 events):
No events

Classes redefined (0 events):
No events

Internal exceptions (20 events):
Event: 278.532 Thread 0x000001b42777c020 Exception <a 'java/lang/NoSuchMethodError'{0x0000000128133920}: 'java.lang.Object java.lang.invoke.DirectMethodHandle$Holder.invokeStaticInit(java.lang.Object, java.lang.Object, java.lang.Object, java.lang.Object, java.lang.Object, java.lang.Object, java.lang.Object, java.lang.Object, java.lang.Object, java.lang.Object, java.lang.Object, java.lang.Object, java.lang.Object, java.lang.Object, java.lang.Object, java.lang.Object, java.lang.Object, java.lang.Object, java.lang.Object, java.lang.Object, int, java
Event: 278.636 Thread 0x000001b42777c020 Exception <a 'java/lang/IncompatibleClassChangeError'{0x0000000127f8ced0}: Found class java.lang.Object, but interface was expected> (0x0000000127f8ced0) 
thrown [s\src\hotspot\share\interpreter\linkResolver.cpp, line 826]
Event: 279.255 Thread 0x000001b42777c020 Exception <a 'java/lang/IncompatibleClassChangeError'{0x0000000126b56b08}: Found class java.lang.Object, but interface was expected> (0x0000000126b56b08) 
thrown [s\src\hotspot\share\interpreter\linkResolver.cpp, line 826]
Event: 279.257 Thread 0x000001b42777c020 Exception <a 'java/lang/NoSuchMethodError'{0x0000000126b63390}: 'void java.lang.invoke.DirectMethodHandle$Holder.invokeInterface(java.lang.Object, java.lang.Object, java.lang.Object, int)'> (0x0000000126b63390) 
thrown [s\src\hotspot\share\interpreter\linkResolver.cpp, line 759]
Event: 279.970 Thread 0x000001b42777c020 Exception <a 'java/lang/NoSuchMethodError'{0x0000000125222868}: 'int java.lang.invoke.DirectMethodHandle$Holder.invokeSpecial(java.lang.Object, java.lang.Object, java.lang.Object, java.lang.Object, java.lang.Object, java.lang.Object)'> (0x0000000125222868) 
thrown [s\src\hotspot\share\interpreter\linkResolver.cpp, line 759]
Event: 280.195 Thread 0x000001b42777c020 Exception <a 'java/lang/IncompatibleClassChangeError'{0x0000000124b76dc8}: Found class java.lang.Object, but interface was expected> (0x0000000124b76dc8) 
thrown [s\src\hotspot\share\interpreter\linkResolver.cpp, line 826]
Event: 280.196 Thread 0x000001b42777c020 Exception <a 'java/lang/IncompatibleClassChangeError'{0x0000000124b7c570}: Found class java.lang.Object, but interface was expected> (0x0000000124b7c570) 
thrown [s\src\hotspot\share\interpreter\linkResolver.cpp, line 826]
Event: 280.322 Thread 0x000001b42777c020 Exception <a 'java/lang/NoSuchMethodError'{0x00000001246bf870}: 'void java.lang.invoke.DirectMethodHandle$Holder.invokeSpecial(java.lang.Object, java.lang.Object, int, java.lang.Object)'> (0x00000001246bf870) 
thrown [s\src\hotspot\share\interpreter\linkResolver.cpp, line 759]
Event: 280.550 Thread 0x000001b42777c020 Exception <a 'java/lang/NoSuchMethodError'{0x0000000123e58a38}: 'int java.lang.invoke.DirectMethodHandle$Holder.invokeSpecial(java.lang.Object, java.lang.Object, java.lang.Object, int, java.lang.Object)'> (0x0000000123e58a38) 
thrown [s\src\hotspot\share\interpreter\linkResolver.cpp, line 759]
Event: 280.658 Thread 0x000001b42777c020 Exception <a 'java/lang/NoSuchMethodError'{0x0000000123ad21b0}: 'long java.lang.invoke.DirectMethodHandle$Holder.invokeStatic(java.lang.Object, java.lang.Object)'> (0x0000000123ad21b0) 
thrown [s\src\hotspot\share\interpreter\linkResolver.cpp, line 759]
Event: 280.683 Thread 0x000001b42777c020 Exception <a 'java/lang/NoSuchMethodError'{0x00000001239906f8}: 'void java.lang.invoke.DirectMethodHandle$Holder.invokeSpecial(java.lang.Object, java.lang.Object, java.lang.Object, java.lang.Object, java.lang.Object, java.lang.Object, java.lang.Object, java.lang.Object, java.lang.Object, java.lang.Object)'> (0x00000001239906f8) 
thrown [s\src\hotspot\share\interpreter\linkResolver.cpp, line 759]
Event: 281.644 Thread 0x000001b42777c020 Exception <a 'java/lang/NoSuchMethodError'{0x00000001226eaa78}: 'java.lang.Object java.lang.invoke.DirectMethodHandle$Holder.newInvokeSpecial(java.lang.Object, java.lang.Object, int, java.lang.Object, java.lang.Object, java.lang.Object)'> (0x00000001226eaa78) 
thrown [s\src\hotspot\share\interpreter\linkResolver.cpp, line 759]
Event: 281.647 Thread 0x000001b42777c020 Exception <a 'java/lang/NoSuchMethodError'{0x00000001226f34e0}: 'java.lang.Object java.lang.invoke.Invokers$Holder.linkToTargetMethod(java.lang.Object, int, java.lang.Object, java.lang.Object, java.lang.Object, java.lang.Object)'> (0x00000001226f34e0) 
thrown [s\src\hotspot\share\interpreter\linkResolver.cpp, line 759]
Event: 281.650 Thread 0x000001b42777c020 Exception <a 'java/lang/NoSuchMethodError'{0x00000001226f8688}: 'void java.lang.invoke.DirectMethodHandle$Holder.invokeSpecial(java.lang.Object, java.lang.Object, java.lang.Object, int, java.lang.Object, java.lang.Object, java.lang.Object, java.lang.Object)'> (0x00000001226f8688) 
thrown [s\src\hotspot\share\interpreter\linkResolver.cpp, line 759]
Event: 281.659 Thread 0x000001b42777c020 Exception <a 'java/lang/NoSuchMethodError'{0x0000000122521f10}: 'void java.lang.invoke.DirectMethodHandle$Holder.invokeStatic(java.lang.Object, java.lang.Object, java.lang.Object, java.lang.Object, java.lang.Object, java.lang.Object, java.lang.Object, java.lang.Object)'> (0x0000000122521f10) 
thrown [s\src\hotspot\share\interpreter\linkResolver.cpp, line 759]
Event: 281.947 Thread 0x000001b42777c020 Exception <a 'java/lang/ClassCastException'{0x0000000121c04eb0}: class kotlin.reflect.jvm.internal.ReflectionFactoryImpl cannot be cast to class com.android.tools.r8.internal.Vb0 (kotlin.reflect.jvm.internal.ReflectionFactoryImpl is in unnamed module of loader org.gradle.internal.classloader.VisitableURLClassLoader @6842775d; com.android.tools.r8.internal.Vb0 is in unnamed module of loader org.gradle.internal.classloader.VisitableURLClassLoader$InstrumentingVisitableURLClassLoader @76104176)> (0x0000000121
Event: 282.610 Thread 0x000001b42777c020 Exception <a 'java/lang/IncompatibleClassChangeError'{0x0000000120c94f00}: Found class java.lang.Object, but interface was expected> (0x0000000120c94f00) 
thrown [s\src\hotspot\share\interpreter\linkResolver.cpp, line 826]
Event: 282.787 Thread 0x000001b42777c020 Exception <a 'sun/nio/fs/WindowsException'{0x0000000120867288}> (0x0000000120867288) 
thrown [s\src\hotspot\share\prims\jni.cpp, line 516]
Event: 285.220 Thread 0x000001b42777c020 Exception <a 'java/lang/IncompatibleClassChangeError'{0x000000011b0272a0}: Found class java.lang.Object, but interface was expected> (0x000000011b0272a0) 
thrown [s\src\hotspot\share\interpreter\linkResolver.cpp, line 826]
Event: 286.031 Thread 0x000001b42777c020 Exception <a 'java/lang/NoSuchMethodError'{0x000000011a69eab0}: 'void java.lang.invoke.DirectMethodHandle$Holder.invokeStatic(java.lang.Object, java.lang.Object, java.lang.Object, java.lang.Object, java.lang.Object, java.lang.Object, java.lang.Object)'> (0x000000011a69eab0) 
thrown [s\src\hotspot\share\interpreter\linkResolver.cpp, line 759]

VM Operations (20 events):
Event: 285.242 Executing VM operation: HandshakeAllThreads
Event: 285.243 Executing VM operation: HandshakeAllThreads done
Event: 285.287 Executing VM operation: HandshakeAllThreads
Event: 285.287 Executing VM operation: HandshakeAllThreads done
Event: 285.836 Executing VM operation: HandshakeAllThreads
Event: 285.837 Executing VM operation: HandshakeAllThreads done
Event: 285.837 Executing VM operation: Cleanup
Event: 285.837 Executing VM operation: Cleanup done
Event: 286.837 Executing VM operation: Cleanup
Event: 286.837 Executing VM operation: Cleanup done
Event: 287.685 Executing VM operation: G1CollectForAllocation
Event: 287.740 Executing VM operation: G1CollectForAllocation done
Event: 288.425 Executing VM operation: HandshakeAllThreads
Event: 289.373 Executing VM operation: HandshakeAllThreads done
Event: 289.373 Executing VM operation: Cleanup
Event: 289.373 Executing VM operation: Cleanup done
Event: 289.373 Executing VM operation: ICBufferFull
Event: 289.373 Executing VM operation: ICBufferFull done
Event: 290.374 Executing VM operation: Cleanup
Event: 290.374 Executing VM operation: Cleanup done

Memory protections (0 events):
No events

Nmethod flushes (20 events):
Event: 289.434 Thread 0x000001b40b5bda20 flushing  nmethod 0x000001b40373a690
Event: 289.434 Thread 0x000001b40b5bda20 flushing  nmethod 0x000001b40373ab90
Event: 289.434 Thread 0x000001b40b5bda20 flushing  nmethod 0x000001b40373af10
Event: 289.434 Thread 0x000001b40b5bda20 flushing  nmethod 0x000001b40373b490
Event: 289.440 Thread 0x000001b40b5bda20 flushing  nmethod 0x000001b403c55590
Event: 289.440 Thread 0x000001b40b5bda20 flushing  nmethod 0x000001b403c59410
Event: 289.440 Thread 0x000001b40b5bda20 flushing  nmethod 0x000001b403c5b110
Event: 289.440 Thread 0x000001b40b5bda20 flushing  nmethod 0x000001b403c6d210
Event: 289.440 Thread 0x000001b40b5bda20 flushing  nmethod 0x000001b403c6e910
Event: 289.443 Thread 0x000001b40b5bda20 flushing  nmethod 0x000001b40400fd90
Event: 289.445 Thread 0x000001b40b5bda20 flushing  nmethod 0x000001b404041490
Event: 289.449 Thread 0x000001b40b5bda20 flushing  nmethod 0x000001b4040f8490
Event: 289.456 Thread 0x000001b40b5bda20 flushing  nmethod 0x000001b4042da910
Event: 289.459 Thread 0x000001b40b5bda20 flushing  nmethod 0x000001b4045e0910
Event: 289.459 Thread 0x000001b40b5bda20 flushing  nmethod 0x000001b4045e6d10
Event: 289.462 Thread 0x000001b40b5bda20 flushing  nmethod 0x000001b4048b0510
Event: 289.463 Thread 0x000001b40b5bda20 flushing osr nmethod 0x000001b4049b4910
Event: 289.463 Thread 0x000001b40b5bda20 flushing  nmethod 0x000001b404ac3290
Event: 289.464 Thread 0x000001b40b5bda20 flushing  nmethod 0x000001b404b31a10
Event: 289.464 Thread 0x000001b40b5bda20 flushing  nmethod 0x000001b404c32290

Events (20 events):
Event: 218.744 Thread 0x000001b40b789a60 Thread exited: 0x000001b40b789a60
Event: 218.773 Thread 0x000001b4277797a0 Thread added: 0x000001b426209db0
Event: 219.759 Thread 0x000001b426209db0 Thread exited: 0x000001b426209db0
Event: 219.762 Thread 0x000001b40b785550 Thread exited: 0x000001b40b785550
Event: 219.762 Thread 0x000001b40b78a500 Thread exited: 0x000001b40b78a500
Event: 219.873 Thread 0x000001b40b789fb0 Thread exited: 0x000001b40b789fb0
Event: 219.877 Thread 0x000001b4277797a0 Thread added: 0x000001b426209db0
Event: 219.948 Thread 0x000001b4277797a0 Thread added: 0x000001b42620df80
Event: 220.008 Thread 0x000001b42620df80 Thread added: 0x000001b42620a7d0
Event: 247.200 Thread 0x000001b426209db0 Thread exited: 0x000001b426209db0
Event: 263.971 Thread 0x000001b40b5bb100 Thread added: 0x000001b40b78c4e0
Event: 263.972 Thread 0x000001b40b5bb100 Thread added: 0x000001b40b789a60
Event: 263.972 Thread 0x000001b40b5bb100 Thread added: 0x000001b40b78ca30
Event: 263.973 Thread 0x000001b40b5bb100 Thread added: 0x000001b40b789fb0
Event: 265.036 Thread 0x000001b4277797a0 Thread added: 0x000001b42620ace0
Event: 265.210 Thread 0x000001b40b789fb0 Thread exited: 0x000001b40b789fb0
Event: 269.333 Thread 0x000001b40b78ca30 Thread exited: 0x000001b40b78ca30
Event: 269.333 Thread 0x000001b40b789a60 Thread exited: 0x000001b40b789a60
Event: 269.333 Thread 0x000001b40b78c4e0 Thread exited: 0x000001b40b78c4e0
Event: 270.215 Thread 0x000001b42620ace0 Thread exited: 0x000001b42620ace0


Dynamic libraries:
0x00007ff73deb0000 - 0x00007ff73debe000 	C:\Program Files\Eclipse Adoptium\jdk-17.0.15.6-hotspot\bin\java.exe
0x00007ffc2c240000 - 0x00007ffc2c4a6000 	C:\WINDOWS\SYSTEM32\ntdll.dll
0x00007ffc2ad60000 - 0x00007ffc2ae29000 	C:\WINDOWS\System32\KERNEL32.DLL
0x00007ffc299e0000 - 0x00007ffc29dde000 	C:\WINDOWS\System32\KERNELBASE.dll
0x00007ffc297d0000 - 0x00007ffc2991c000 	C:\WINDOWS\System32\ucrtbase.dll
0x00007ffbea9a0000 - 0x00007ffbea9b7000 	C:\Program Files\Eclipse Adoptium\jdk-17.0.15.6-hotspot\bin\jli.dll
0x00007ffbee540000 - 0x00007ffbee55e000 	C:\Program Files\Eclipse Adoptium\jdk-17.0.15.6-hotspot\bin\VCRUNTIME140.dll
0x00007ffc2ab70000 - 0x00007ffc2ad37000 	C:\WINDOWS\System32\USER32.dll
0x00007ffc29590000 - 0x00007ffc295b7000 	C:\WINDOWS\System32\win32u.dll
0x00007ffc161a0000 - 0x00007ffc16432000 	C:\WINDOWS\WinSxS\amd64_microsoft.windows.common-controls_6595b64144ccf1df_6.0.26100.8875_none_3e0d5d42e32fe9dd\COMCTL32.dll
0x00007ffc2a970000 - 0x00007ffc2a99b000 	C:\WINDOWS\System32\GDI32.dll
0x00007ffc2a500000 - 0x00007ffc2a5a9000 	C:\WINDOWS\System32\msvcrt.dll
0x00007ffc29460000 - 0x00007ffc2958a000 	C:\WINDOWS\System32\gdi32full.dll
0x00007ffc29930000 - 0x00007ffc299d3000 	C:\WINDOWS\System32\msvcp_win.dll
0x00007ffc2b450000 - 0x00007ffc2b482000 	C:\WINDOWS\System32\IMM32.DLL
0x00007ffc1f3c0000 - 0x00007ffc1f3cc000 	C:\Program Files\Eclipse Adoptium\jdk-17.0.15.6-hotspot\bin\vcruntime140_1.dll
0x00007ffb09230000 - 0x00007ffb092bd000 	C:\Program Files\Eclipse Adoptium\jdk-17.0.15.6-hotspot\bin\msvcp140.dll
0x00007ffaf39b0000 - 0x00007ffaf461b000 	C:\Program Files\Eclipse Adoptium\jdk-17.0.15.6-hotspot\bin\server\jvm.dll
0x00007ffc2bdb0000 - 0x00007ffc2be67000 	C:\WINDOWS\System32\ADVAPI32.dll
0x00007ffc29f70000 - 0x00007ffc2a01a000 	C:\WINDOWS\System32\sechost.dll
0x00007ffc2b060000 - 0x00007ffc2b178000 	C:\WINDOWS\System32\RPCRT4.dll
0x00007ffc2ae30000 - 0x00007ffc2aeb0000 	C:\WINDOWS\System32\WS2_32.dll
0x00007ffc29030000 - 0x00007ffc2908e000 	C:\WINDOWS\SYSTEM32\POWRPROF.dll
0x00007ffc1b380000 - 0x00007ffc1b3b6000 	C:\WINDOWS\SYSTEM32\WINMM.dll
0x00007ffc1f5f0000 - 0x00007ffc1f5fb000 	C:\WINDOWS\SYSTEM32\VERSION.dll
0x00007ffc28e00000 - 0x00007ffc28e14000 	C:\WINDOWS\SYSTEM32\UMPDC.dll
0x00007ffc28120000 - 0x00007ffc2813b000 	C:\WINDOWS\SYSTEM32\kernel.appcore.dll
0x00007ffc0a0f0000 - 0x00007ffc0a0fa000 	C:\Program Files\Eclipse Adoptium\jdk-17.0.15.6-hotspot\bin\jimage.dll
0x00007ffc269f0000 - 0x00007ffc26c32000 	C:\WINDOWS\SYSTEM32\DBGHELP.DLL
0x00007ffc2be70000 - 0x00007ffc2c1f3000 	C:\WINDOWS\System32\combase.dll
0x00007ffc2bc40000 - 0x00007ffc2bd19000 	C:\WINDOWS\System32\OLEAUT32.dll
0x00007ffc11870000 - 0x00007ffc118ab000 	C:\WINDOWS\SYSTEM32\dbgcore.DLL
0x00007ffc29710000 - 0x00007ffc297bc000 	C:\WINDOWS\System32\bcryptPrimitives.dll
0x00007ffbfa280000 - 0x00007ffbfa28e000 	C:\Program Files\Eclipse Adoptium\jdk-17.0.15.6-hotspot\bin\instrument.dll
0x00007ffbc4260000 - 0x00007ffbc4285000 	C:\Program Files\Eclipse Adoptium\jdk-17.0.15.6-hotspot\bin\java.dll
0x00007ffb31810000 - 0x00007ffb318e7000 	C:\Program Files\Eclipse Adoptium\jdk-17.0.15.6-hotspot\bin\jsvml.dll
0x00007ffc2b4a0000 - 0x00007ffc2bc32000 	C:\WINDOWS\System32\SHELL32.dll
0x00007ffc26ee0000 - 0x00007ffc27772000 	C:\WINDOWS\SYSTEM32\windows.storage.dll
0x00007ffc2a9f0000 - 0x00007ffc2aae7000 	C:\WINDOWS\System32\SHCORE.dll
0x00007ffc2a900000 - 0x00007ffc2a967000 	C:\WINDOWS\System32\shlwapi.dll
0x00007ffc29380000 - 0x00007ffc293a9000 	C:\WINDOWS\SYSTEM32\profapi.dll
0x00007ffbce900000 - 0x00007ffbce918000 	C:\Program Files\Eclipse Adoptium\jdk-17.0.15.6-hotspot\bin\zip.dll
0x00007ffbff8f0000 - 0x00007ffbff909000 	C:\Program Files\Eclipse Adoptium\jdk-17.0.15.6-hotspot\bin\net.dll
0x00007ffc1f480000 - 0x00007ffc1f5a7000 	C:\WINDOWS\SYSTEM32\WINHTTP.dll
0x00007ffc286f0000 - 0x00007ffc2875c000 	C:\WINDOWS\system32\mswsock.dll
0x00007ffbe2630000 - 0x00007ffbe2646000 	C:\Program Files\Eclipse Adoptium\jdk-17.0.15.6-hotspot\bin\nio.dll
0x00007ffc02d60000 - 0x00007ffc02d70000 	C:\Program Files\Eclipse Adoptium\jdk-17.0.15.6-hotspot\bin\verify.dll
0x00007ffbcf0e0000 - 0x00007ffbcf107000 	C:\Users\Acer\.gradle\native\1def1411415f61bf3af743bc5b6707747c0891f09f0c88961ee8f79bc544acac\windows-amd64\native-platform.dll
0x0000000070990000 - 0x0000000070a03000 	C:\Users\Acer\.gradle\native\0.2.5\x86_64-windows-gnu\gradle-fileevents.dll
0x00007ffbfb9a0000 - 0x00007ffbfb9aa000 	C:\Program Files\Eclipse Adoptium\jdk-17.0.15.6-hotspot\bin\management.dll
0x00007ffbfb060000 - 0x00007ffbfb06b000 	C:\Program Files\Eclipse Adoptium\jdk-17.0.15.6-hotspot\bin\management_ext.dll
0x00007ffc2a8f0000 - 0x00007ffc2a8f8000 	C:\WINDOWS\System32\PSAPI.DLL
0x00007ffc289f0000 - 0x00007ffc28a0b000 	C:\WINDOWS\SYSTEM32\CRYPTSP.dll
0x00007ffc28080000 - 0x00007ffc280b9000 	C:\WINDOWS\system32\rsaenh.dll
0x00007ffc287b0000 - 0x00007ffc287e2000 	C:\WINDOWS\SYSTEM32\USERENV.dll
0x00007ffc29350000 - 0x00007ffc2937a000 	C:\WINDOWS\SYSTEM32\bcrypt.dll
0x00007ffc28a10000 - 0x00007ffc28a1c000 	C:\WINDOWS\SYSTEM32\CRYPTBASE.dll
0x00007ffc27ac0000 - 0x00007ffc27af3000 	C:\WINDOWS\SYSTEM32\IPHLPAPI.DLL
0x00007ffc2a5b0000 - 0x00007ffc2a5ba000 	C:\WINDOWS\System32\NSI.dll
0x00007ffc1f630000 - 0x00007ffc1f64d000 	C:\WINDOWS\SYSTEM32\dhcpcsvc6.DLL
0x00007ffc1f600000 - 0x00007ffc1f625000 	C:\WINDOWS\SYSTEM32\dhcpcsvc.DLL
0x00007ffc27bb0000 - 0x00007ffc27d06000 	C:\WINDOWS\SYSTEM32\DNSAPI.dll
0x00007ffc284f0000 - 0x00007ffc284fd000 	C:\WINDOWS\SYSTEM32\DSPARSE.dll
0x00007ffbf93c0000 - 0x00007ffbf93c9000 	C:\Program Files\Eclipse Adoptium\jdk-17.0.15.6-hotspot\bin\extnet.dll
0x00007ffbf48c0000 - 0x00007ffbf48ce000 	C:\Program Files\Eclipse Adoptium\jdk-17.0.15.6-hotspot\bin\sunmscapi.dll
0x00007ffc29df0000 - 0x00007ffc29f68000 	C:\WINDOWS\System32\CRYPT32.dll
0x00007ffc28ca0000 - 0x00007ffc28cd0000 	C:\WINDOWS\SYSTEM32\ncrypt.dll
0x00007ffc28c50000 - 0x00007ffc28c8f000 	C:\WINDOWS\SYSTEM32\NTASN1.dll
0x00007ffbf1830000 - 0x00007ffbf1838000 	C:\WINDOWS\system32\wshunix.dll
0x0000000070910000 - 0x0000000070983000 	C:\Users\Acer\AppData\Local\Temp\native-platform15623258003521167300dir\gradle-fileevents.dll
0x00007ffc0ee90000 - 0x00007ffc0eea8000 	C:\WINDOWS\system32\napinsp.dll
0x00007ffc0a990000 - 0x00007ffc0a9a3000 	C:\WINDOWS\System32\winrnr.dll
0x00007ffc0a960000 - 0x00007ffc0a982000 	C:\WINDOWS\system32\nlansp_c.dll
0x00007ffc03f10000 - 0x00007ffc03f26000 	C:\WINDOWS\system32\wshbth.dll
0x00007ffc1e070000 - 0x00007ffc1e07b000 	C:\Windows\System32\rasadhlp.dll
0x00007ffc1e890000 - 0x00007ffc1e916000 	C:\WINDOWS\System32\fwpuclnt.dll
0x00007ffbf2880000 - 0x00007ffbf2887000 	C:\Program Files\Eclipse Adoptium\jdk-17.0.15.6-hotspot\bin\rmi.dll

dbghelp: loaded successfully - version: 4.0.5 - missing functions: none
symbol engine: initialized successfully - sym options: 0x614 - pdb path: .;C:\Program Files\Eclipse Adoptium\jdk-17.0.15.6-hotspot\bin;C:\WINDOWS\SYSTEM32;C:\WINDOWS\WinSxS\amd64_microsoft.windows.common-controls_6595b64144ccf1df_6.0.26100.8875_none_3e0d5d42e32fe9dd;C:\Program Files\Eclipse Adoptium\jdk-17.0.15.6-hotspot\bin\server;C:\Users\Acer\.gradle\native\1def1411415f61bf3af743bc5b6707747c0891f09f0c88961ee8f79bc544acac\windows-amd64;C:\Users\Acer\.gradle\native\0.2.5\x86_64-windows-gnu;C:\Users\Acer\AppData\Local\Temp\native-platform15623258003521167300dir

VM Arguments:
jvm_args: --add-opens=java.base/java.lang=ALL-UNNAMED --add-opens=java.base/java.lang.invoke=ALL-UNNAMED --add-opens=java.base/java.util=ALL-UNNAMED --add-opens=java.prefs/java.util.prefs=ALL-UNNAMED --add-exports=jdk.compiler/com.sun.tools.javac.api=ALL-UNNAMED --add-exports=jdk.compiler/com.sun.tools.javac.util=ALL-UNNAMED --add-opens=java.base/java.util=ALL-UNNAMED --add-opens=java.prefs/java.util.prefs=ALL-UNNAMED --add-opens=java.base/java.nio.charset=ALL-UNNAMED --add-opens=java.base/java.net=ALL-UNNAMED --add-opens=java.base/java.util.concurrent.atomic=ALL-UNNAMED --add-opens=java.xml/javax.xml.namespace=ALL-UNNAMED -XX:MaxMetaspaceSize=384m -XX:ReservedCodeCacheSize=96m -XX:+HeapDumpOnOutOfMemoryError -XX:HeapBaseMinAddress=4g -Xms128m -Xmx1024m -Dfile.encoding=UTF-8 -Duser.country=US -Duser.language=en -Duser.variant -javaagent:C:\Users\Acer\.gradle\wrapper\dists\gradle-8.12-all\ejduaidbjup3bmmkhw3rie4zb\gradle-8.12\lib\agents\gradle-instrumentation-agent-8.12.jar 
java_command: org.gradle.launcher.daemon.bootstrap.GradleDaemon 8.12
java_class_path (initial): C:\Users\Acer\.gradle\wrapper\dists\gradle-8.12-all\ejduaidbjup3bmmkhw3rie4zb\gradle-8.12\lib\gradle-daemon-main-8.12.jar
Launcher Type: SUN_STANDARD

[Global flags]
     intx CICompilerCount                          = 12                                        {product} {ergonomic}
   size_t CompressedClassSpaceSize                 = 335544320                                 {product} {ergonomic}
     uint ConcGCThreads                            = 3                                         {product} {ergonomic}
     uint G1ConcRefinementThreads                  = 13                                        {product} {ergonomic}
   size_t G1HeapRegionSize                         = 1048576                                   {product} {ergonomic}
    uintx GCDrainStackTargetSize                   = 64                                        {product} {ergonomic}
   size_t HeapBaseMinAddress                       = 4294967296                             {pd product} {command line}
     bool HeapDumpOnOutOfMemoryError               = true                                   {manageable} {command line}
   size_t InitialHeapSize                          = 134217728                                 {product} {command line}
   size_t MarkStackSize                            = 4194304                                   {product} {ergonomic}
   size_t MaxHeapSize                              = 1073741824                                {product} {command line}
   size_t MaxMetaspaceSize                         = 402653184                                 {product} {command line}
   size_t MaxNewSize                               = 643825664                                 {product} {ergonomic}
   size_t MinHeapDeltaBytes                        = 1048576                                   {product} {ergonomic}
   size_t MinHeapSize                              = 134217728                                 {product} {command line}
    uintx NonProfiledCodeHeapSize                  = 0                                      {pd product} {ergonomic}
    uintx ProfiledCodeHeapSize                     = 0                                      {pd product} {ergonomic}
    uintx ReservedCodeCacheSize                    = 100663296                              {pd product} {command line}
   size_t SoftMaxHeapSize                          = 1073741824                             {manageable} {ergonomic}
     bool UseCompressedClassPointers               = true                           {product lp64_product} {ergonomic}
     bool UseCompressedOops                        = true                           {product lp64_product} {ergonomic}
     bool UseG1GC                                  = true                                      {product} {ergonomic}
     bool UseLargePagesIndividualAllocation        = false                                  {pd product} {ergonomic}

Logging:
Log output configuration:
 #0: stdout all=warning uptime,level,tags
 #1: stderr all=off uptime,level,tags

Environment Variables:
JAVA_HOME=C:\Program Files\Eclipse Adoptium\jdk-17.0.15.6-hotspot
CLASSPATH=D:\Kuliah\Ta\New folder\Mobile\android\\gradle\wrapper\gradle-wrapper.jar
PATH=C:\Program Files\Eclipse Adoptium\jdk-17.0.15.6-hotspot\bin;D:\src\flutter\bin\;C:\Program Files\Eclipse Adoptium\jdk-17.0.15.6-hotspot\bin;C:\Program Files\Eclipse Adoptium\jdk-21.0.5.11-hotspot\bin;C:\Program Files\Common Files\Oracle\Java\javapath;C:\WINDOWS\system32;C:\WINDOWS;C:\WINDOWS\System32\Wbem;C:\WINDOWS\System32\WindowsPowerShell\v1.0\;C:\WINDOWS\System32\OpenSSH\;C:\xampp\php;C:\ProgramData\ComposerSetup\bin;C:\xampp\php\php.exe;C:\Program Files\Git\cmd;C:\android\sdk\cmdline-tools\latest\cmdline-tools\bin;C:\android\sdk\cmdline-tools\latest\cmdline-tools;D:\src\flutter\bin;C:\Program Files\NVIDIA Corporation\NVIDIA app\NvDLISR;C:\Program Files (x86)\NVIDIA Corporation\PhysX\Common;C:\Program Files\Go\bin;C:\Program Files\nodejs\;C:\Program Files\Erlang OTP\bin;C:\Program Files\RabbitMQ Server\rabbitmq_server-4.0.7\sbin;C:\Program Files\PuTTY\;C:\Program Files\Docker\Docker\resources\bin;C:\Users\Acer\AppData\Roaming\npm;C:\Users\Acer\.local\bin;C:\Users\Acer\AppData\Local\Programs\Antigravity IDE\bin;C:\Users\Acer\AppData\Local\Microsoft\WindowsApps;c:\Users\Acer\.antigravity-ide\extensions\ms-python.debugpy-2026.6.0-win32-x64\bundled\scripts\noConfigScripts;c:\Users\Acer\.antigravity-ide\extensions\vscjava.vscode-java-debug-0.59.0-universal\bundled\scripts\noConfigScripts;D:\src\flutter\bin\mingit\cmd
USERNAME=Acer
LANG=en_US.UTF-8
OS=Windows_NT
PROCESSOR_IDENTIFIER=Intel64 Family 6 Model 154 Stepping 3, GenuineIntel
TMP=C:\Users\Acer\AppData\Local\Temp
TEMP=C:\Users\Acer\AppData\Local\Temp



Periodic native trim disabled


---------------  S Y S T E M  ---------------

OS:
 Windows 11 , 64 bit Build 26100 (10.0.26100.8875)
OS uptime: 5 days 22:58 hours
Hyper-V role detected

CPU: total 16 (initial active 16) (8 cores per cpu, 2 threads per core) family 6 model 154 stepping 3 microcode 0x423, cx8, cmov, fxsr, ht, mmx, 3dnowpref, sse, sse2, sse3, ssse3, sse4.1, sse4.2, popcnt, lzcnt, tsc, tscinvbit, avx, avx2, aes, erms, clmul, bmi1, bmi2, adx, sha, fma, vzeroupper, clflush, clflushopt, clwb, hv
Processor Information for processor 0
  Max Mhz: 3100, Current Mhz: 3100, Mhz Limit: 3100
Processor Information for processor 1
  Max Mhz: 3100, Current Mhz: 3100, Mhz Limit: 3100
Processor Information for processor 2
  Max Mhz: 3100, Current Mhz: 1500, Mhz Limit: 3100
Processor Information for processor 3
  Max Mhz: 3100, Current Mhz: 3100, Mhz Limit: 3100
Processor Information for processor 4
  Max Mhz: 3100, Current Mhz: 3100, Mhz Limit: 3100
Processor Information for processor 5
  Max Mhz: 3100, Current Mhz: 3100, Mhz Limit: 3100
Processor Information for processor 6
  Max Mhz: 3100, Current Mhz: 3100, Mhz Limit: 3100
Processor Information for processor 7
  Max Mhz: 3100, Current Mhz: 3100, Mhz Limit: 3100
Processor Information for processor 8
  Max Mhz: 3100, Current Mhz: 2232, Mhz Limit: 2232
Processor Information for processor 9
  Max Mhz: 3100, Current Mhz: 2232, Mhz Limit: 2232
Processor Information for processor 10
  Max Mhz: 3100, Current Mhz: 2232, Mhz Limit: 2232
Processor Information for processor 11
  Max Mhz: 3100, Current Mhz: 2232, Mhz Limit: 2232
Processor Information for processor 12
  Max Mhz: 3100, Current Mhz: 1488, Mhz Limit: 2232
Processor Information for processor 13
  Max Mhz: 3100, Current Mhz: 2232, Mhz Limit: 2232
Processor Information for processor 14
  Max Mhz: 3100, Current Mhz: 1488, Mhz Limit: 2232
Processor Information for processor 15
  Max Mhz: 3100, Current Mhz: 1488, Mhz Limit: 2232

Memory: 4k page, system-wide physical 7896M (28M free)
TotalPageFile size 32472M (AvailPageFile size 69M)
current process WorkingSet (physical memory assigned to process): 203M, peak: 749M
current process commit charge ("private bytes"): 1358M, peak: 1361M

vm_info: OpenJDK 64-Bit Server VM (17.0.15+6) for windows-amd64 JRE (17.0.15+6), built on Apr 15 2025 21:25:47 by "admin" with MS VC++ 17.7 (VS2022)

END.
